instance,has_pp,minsep_ip,triang,bin_ip,perftphy
phylogeny_ms_perf_exp1_n_40_0.phy,1,0.07,0.08,TO,0.09
phylogeny_ms_perf_exp1_k_10_0.phy,1,31.08,19.41,MO,1.66
phylogeny_ms_perf_exp1_k_10_10.phy,0,38.44,24.26,7.35,1.88
phylogeny_ms_perf_exp1_k_10_11.phy,0,32.7,19.28,6.54,1.68
phylogeny_ms_perf_exp1_k_10_12.phy,0,37.48,6.55,6.54,1.71
phylogeny_ms_perf_exp1_k_10_13.phy,0,34.93,22.49,6.01,1.89
phylogeny_ms_perf_exp1_k_10_14.phy,0,46.05,6.7,7.03,1.81
phylogeny_ms_perf_exp1_k_10_15.phy,1,31.92,15.81,MO,1.85
phylogeny_ms_perf_exp1_k_10_16.phy,0,39.51,28.5,6.45,2.03
phylogeny_ms_perf_exp1_k_10_17.phy,0,99.93,6.69,5.97,1.61
phylogeny_ms_perf_exp1_k_10_18.phy,0,32.46,14.26,6.28,1.94
phylogeny_ms_perf_exp1_k_10_19.phy,0,32.44,6.73,5.91,1.84
phylogeny_ms_perf_exp1_k_10_1.phy,0,119.29,51.23,6.29,1.82
phylogeny_ms_perf_exp1_k_10_2.phy,0,25.81,6.6,6.47,1.25
phylogeny_ms_perf_exp1_k_10_3.phy,0,132.58,6.68,6.35,1.69
phylogeny_ms_perf_exp1_k_10_4.phy,0,30.54,17.01,8.6,1.73
phylogeny_ms_perf_exp1_k_10_5.phy,0,48.79,7.14,6.03,1.64
phylogeny_ms_perf_exp1_k_10_6.phy,0,36.86,23.88,32.03,1.98
phylogeny_ms_perf_exp1_k_10_7.phy,0,63.39,50.27,6.36,1.93
phylogeny_ms_perf_exp1_k_10_8.phy,0,31.16,20.99,9.98,1.63
phylogeny_ms_perf_exp1_k_10_9.phy,1,37.8,26.97,MO,1.97
phylogeny_ms_perf_exp1_k_12_0.phy,0,140.4,110.85,6.49,2.77
phylogeny_ms_perf_exp1_k_12_10.phy,0,44.18,6.86,6.75,2.4
phylogeny_ms_perf_exp1_k_12_11.phy,1,56.05,32.51,MO,2.39
phylogeny_ms_perf_exp1_k_12_12.phy,0,33.5,6.66,6.16,2.12
phylogeny_ms_perf_exp1_k_12_13.phy,0,55.17,6.64,6.09,2.24
phylogeny_ms_perf_exp1_k_12_14.phy,0,553.1,6.99,6.12,2.04
phylogeny_ms_perf_exp1_k_12_15.phy,1,27.18,11.75,TO,2.24
phylogeny_ms_perf_exp1_k_12_16.phy,1,89.55,84.0,MO,2.43
phylogeny_ms_perf_exp1_k_12_17.phy,0,121.97,99.6,7.38,2.44
phylogeny_ms_perf_exp1_k_12_18.phy,0,58.04,6.96,6.74,2.81
phylogeny_ms_perf_exp1_k_12_19.phy,0,30.44,15.36,11.1,2.27
phylogeny_ms_perf_exp1_k_12_1.phy,0,44.75,6.67,6.51,2.27
phylogeny_ms_perf_exp1_k_12_2.phy,0,490.95,6.99,6.13,2.37
phylogeny_ms_perf_exp1_k_12_3.phy,1,51.91,52.81,MO,2.3
phylogeny_ms_perf_exp1_k_12_4.phy,0,47.06,27.37,6.41,2.27
phylogeny_ms_perf_exp1_k_12_5.phy,0,39.06,22.94,6.25,1.95
phylogeny_ms_perf_exp1_k_12_6.phy,0,82.04,6.76,7.24,2.98
phylogeny_ms_perf_exp1_k_12_7.phy,1,34.85,21.27,MO,2.21
phylogeny_ms_perf_exp1_k_12_8.phy,0,30.67,12.31,8.82,2.07
phylogeny_ms_perf_exp1_k_12_9.phy,1,41.86,40.28,MO,2.66
phylogeny_ms_perf_exp1_k_14_0.phy,0,124.01,89.68,7.4,3.31
phylogeny_ms_perf_exp1_k_14_10.phy,0,115.09,83.93,6.76,4.07
phylogeny_ms_perf_exp1_k_14_11.phy,0,882.61,687.17,6.32,4.16
phylogeny_ms_perf_exp1_k_14_12.phy,0,182.18,6.8,6.55,4.52
phylogeny_ms_perf_exp1_k_14_13.phy,1,31.14,13.48,MO,2.34
phylogeny_ms_perf_exp1_k_14_14.phy,0,241.7,6.81,6.49,2.75
phylogeny_ms_perf_exp1_k_14_15.phy,0,54.73,6.82,6.12,2.84
phylogeny_ms_perf_exp1_k_14_16.phy,1,73.34,86.59,MO,3.5
phylogeny_ms_perf_exp1_k_14_17.phy,1,78.36,72.26,MO,4.8
phylogeny_ms_perf_exp1_k_14_18.phy,1,159.48,182.91,MO,4.15
phylogeny_ms_perf_exp1_k_14_19.phy,0,298.11,6.8,11.99,4.34
phylogeny_ms_perf_exp1_k_14_1.phy,1,64.47,69.0,MO,3.82
phylogeny_ms_perf_exp1_k_14_2.phy,0,29.25,15.6,5.97,2.82
phylogeny_ms_perf_exp1_k_14_3.phy,0,793.21,6.9,6.42,3.27
phylogeny_ms_perf_exp1_k_14_4.phy,1,1575.95,1226.07,MO,3.61
phylogeny_ms_perf_exp1_k_14_5.phy,1,104.51,118.6,MO,3.36
phylogeny_ms_perf_exp1_k_14_6.phy,0,93.11,6.76,6.35,3.71
phylogeny_ms_perf_exp1_k_14_7.phy,0,267.65,238.68,6.38,3.54
phylogeny_ms_perf_exp1_k_14_8.phy,0,355.03,370.25,54.6,4.21
phylogeny_ms_perf_exp1_k_14_9.phy,0,36.33,6.71,6.37,2.97
phylogeny_ms_perf_exp1_k_16_0.phy,1,68.92,104.84,MO,6.06
phylogeny_ms_perf_exp1_k_16_10.phy,0,1124.96,6.8,6.4,7.01
phylogeny_ms_perf_exp1_k_16_11.phy,0,70.25,79.62,32.98,5.01
phylogeny_ms_perf_exp1_k_16_12.phy,0,321.05,295.68,10.93,5.83
phylogeny_ms_perf_exp1_k_16_13.phy,0,754.1099999999999,6.87,19.5,6.8
phylogeny_ms_perf_exp1_k_16_14.phy,1,154.87,116.74,MO,10.06
phylogeny_ms_perf_exp1_k_16_15.phy,0,297.02,354.71000000000004,7.41,5.01
phylogeny_ms_perf_exp1_k_16_16.phy,1,37.84,21.13,MO,4.3
phylogeny_ms_perf_exp1_k_16_17.phy,0,44.31,6.96,6.4,5.67
phylogeny_ms_perf_exp1_k_16_18.phy,1,58.74,87.67,MO,4.27
phylogeny_ms_perf_exp1_k_16_19.phy,1,292.81,251.17,MO,5.45
phylogeny_ms_perf_exp1_k_16_1.phy,1,86.77,72.12,MO,7.18
phylogeny_ms_perf_exp1_k_16_2.phy,1,88.86,75.47,MO,6.3
phylogeny_ms_perf_exp1_k_16_3.phy,1,634.56,480.71,MO,6.72
phylogeny_ms_perf_exp1_k_16_4.phy,1,665.19,659.68,MO,8.07
phylogeny_ms_perf_exp1_k_16_5.phy,0,TO,6.85,6.62,8.65
phylogeny_ms_perf_exp1_k_16_6.phy,0,81.69,68.87,6.46,5.85
phylogeny_ms_perf_exp1_k_16_7.phy,0,1573.56,7.2,6.32,9.01
phylogeny_ms_perf_exp1_k_16_8.phy,0,52.77,6.74,6.51,4.58
phylogeny_ms_perf_exp1_k_16_9.phy,0,138.27,7.05,6.37,4.8500000000000005
phylogeny_ms_perf_exp1_k_18_0.phy,1,39.92,20.64,MO,8.94
phylogeny_ms_perf_exp1_k_18_10.phy,1,56.23,49.05,MO,7.53
phylogeny_ms_perf_exp1_k_18_11.phy,0,TO,6.95,6.64,13.02
phylogeny_ms_perf_exp1_k_18_12.phy,1,793.37,642.88,MO,16.28
phylogeny_ms_perf_exp1_k_18_13.phy,0,1245.16,1549.47,12.86,12.34
phylogeny_ms_perf_exp1_k_18_14.phy,1,34.01,18.09,MO,2.79
phylogeny_ms_perf_exp1_k_18_15.phy,1,34.42,17.79,MO,4.55
phylogeny_ms_perf_exp1_k_18_16.phy,1,1250.04,1017.37,MO,8.72
phylogeny_ms_perf_exp1_k_18_17.phy,0,40.55,21.79,7.11,8.59
phylogeny_ms_perf_exp1_k_18_18.phy,0,367.11,6.84,11.54,6.67
phylogeny_ms_perf_exp1_k_18_19.phy,0,143.96,172.58,6.46,9.33
phylogeny_ms_perf_exp1_k_18_1.phy,0,411.77,7.0,6.29,10.05
phylogeny_ms_perf_exp1_k_18_2.phy,1,83.13,104.77,MO,14.1
phylogeny_ms_perf_exp1_k_18_3.phy,1,38.29,23.44,MO,7.52
phylogeny_ms_perf_exp1_k_18_4.phy,1,53.32,30.56,MO,7.4
phylogeny_ms_perf_exp1_k_18_5.phy,0,76.71,6.79,6.24,8.99
phylogeny_ms_perf_exp1_k_18_6.phy,0,TO,7.15,6.44,10.57
phylogeny_ms_perf_exp1_k_18_7.phy,0,656.71,7.15,6.34,9.43
phylogeny_ms_perf_exp1_k_18_8.phy,1,34.75,18.46,MO,5.19
phylogeny_ms_perf_exp1_k_18_9.phy,0,38.97,7.14,6.71,5.81
phylogeny_ms_perf_exp1_k_20_0.phy,0,2109.11,1328.56,6.39,43.85
phylogeny_ms_perf_exp1_k_20_10.phy,1,553.67,438.08,MO,58.4
phylogeny_ms_perf_exp1_k_20_11.phy,0,125.48,65.95,9.47,13.49
phylogeny_ms_perf_exp1_k_20_12.phy,1,179.64,229.79,MO,8.57
phylogeny_ms_perf_exp1_k_20_13.phy,0,236.0,6.94,6.67,29.04
phylogeny_ms_perf_exp1_k_20_14.phy,1,TO,TO,MO,67.64
phylogeny_ms_perf_exp1_k_20_15.phy,0,TO,7.01,6.91,25.77
phylogeny_ms_perf_exp1_k_20_16.phy,1,114.33,160.32,MO,23.48
phylogeny_ms_perf_exp1_k_20_17.phy,0,400.56,349.91,12.26,21.11
phylogeny_ms_perf_exp1_k_20_18.phy,1,310.69,288.04,MO,35.24
phylogeny_ms_perf_exp1_k_20_19.phy,0,295.33,7.37,6.42,14.44
phylogeny_ms_perf_exp1_k_20_1.phy,1,65.04,37.84,MO,22.17
phylogeny_ms_perf_exp1_k_20_2.phy,0,125.86,6.93,6.22,4.88
phylogeny_ms_perf_exp1_k_20_3.phy,0,38.85,6.77,6.86,10.89
phylogeny_ms_perf_exp1_k_20_4.phy,0,95.94,60.9,6.5200000000000005,13.12
phylogeny_ms_perf_exp1_k_20_5.phy,0,65.91,16.68,35.2,15.44
phylogeny_ms_perf_exp1_k_20_6.phy,1,215.89,218.18,MO,46.21
phylogeny_ms_perf_exp1_k_20_7.phy,1,502.53,558.86,MO,14.17
phylogeny_ms_perf_exp1_k_20_8.phy,0,76.52,70.1,107.17,17.23
phylogeny_ms_perf_exp1_k_20_9.phy,1,141.67,100.34,MO,10.4
phylogeny_ms_perf_exp1_k_2_0.phy,0,12.62,5.78,4.03,0.12
phylogeny_ms_perf_exp1_k_2_10.phy,0,13.27,5.3,3.7,0.13
phylogeny_ms_perf_exp1_k_2_11.phy,0,11.12,6.01,4.56,0.12
phylogeny_ms_perf_exp1_k_2_12.phy,0,12.29,5.65,3.98,0.12
phylogeny_ms_perf_exp1_k_2_13.phy,1,5.57,4.73,0.01,0.01
phylogeny_ms_perf_exp1_k_2_14.phy,0,11.6,5.62,4.13,0.12
phylogeny_ms_perf_exp1_k_2_15.phy,0,12.8,5.47,3.79,0.12
phylogeny_ms_perf_exp1_k_2_16.phy,1,5.6,4.35,0.01,0.01
phylogeny_ms_perf_exp1_k_2_17.phy,0,11.31,5.82,4.08,0.11
phylogeny_ms_perf_exp1_k_2_18.phy,0,12.01,5.78,4.18,0.12
phylogeny_ms_perf_exp1_k_2_19.phy,0,12.06,6.28,4.34,0.14
phylogeny_ms_perf_exp1_k_2_1.phy,1,5.67,4.2,0.01,MO
phylogeny_ms_perf_exp1_k_22_0.phy,0,1001.85,659.82,6.46,27.21
phylogeny_ms_perf_exp1_k_22_10.phy,0,TO,TO,6.62,74.27
phylogeny_ms_perf_exp1_k_22_11.phy,1,42.41,24.49,MO,15.6
phylogeny_ms_perf_exp1_k_22_12.phy,0,161.97,111.48,13.42,18.77
phylogeny_ms_perf_exp1_k_22_13.phy,1,954.89,858.58,MO,46.93
phylogeny_ms_perf_exp1_k_22_14.phy,0,231.55,137.57,70.38,16.57
phylogeny_ms_perf_exp1_k_22_15.phy,1,72.18,56.9,MO,21.75
phylogeny_ms_perf_exp1_k_22_16.phy,1,117.6,134.18,MO,42.62
phylogeny_ms_perf_exp1_k_22_17.phy,0,TO,2890.25,8.87,81.14
phylogeny_ms_perf_exp1_k_22_18.phy,0,1543.29,2236.25,7.8,36.4
phylogeny_ms_perf_exp1_k_22_19.phy,0,277.0,6.92,6.78,26.54
phylogeny_ms_perf_exp1_k_22_1.phy,0,451.61,384.36,8.14,40.26
phylogeny_ms_perf_exp1_k_22_2.phy,1,265.94,303.03,MO,53.28
phylogeny_ms_perf_exp1_k_22_3.phy,0,88.92,69.08,10.370000000000001,19.46
phylogeny_ms_perf_exp1_k_22_4.phy,1,550.3,759.04,MO,57.35
phylogeny_ms_perf_exp1_k_22_5.phy,0,335.46,269.57,6.56,40.1
phylogeny_ms_perf_exp1_k_22_6.phy,0,TO,7.61,7.12,34.02
phylogeny_ms_perf_exp1_k_22_7.phy,0,2016.46,7.5,13.01,80.38
phylogeny_ms_perf_exp1_k_22_8.phy,0,TO,TO,7.2,88.11
phylogeny_ms_perf_exp1_k_22_9.phy,0,TO,7.05,7.09,63.62
phylogeny_ms_perf_exp1_k_2_2.phy,1,5.67,4.36,0.01,0.01
phylogeny_ms_perf_exp1_k_2_3.phy,0,12.68,5.44,3.69,0.12
phylogeny_ms_perf_exp1_k_24_0.phy,0,TO,TO,6.74,243.86
phylogeny_ms_perf_exp1_k_24_10.phy,0,TO,TO,12.24,363.12
phylogeny_ms_perf_exp1_k_24_11.phy,0,TO,7.32,6.69,781.49
phylogeny_ms_perf_exp1_k_24_12.phy,1,64.59,111.78,MO,95.14
phylogeny_ms_perf_exp1_k_24_13.phy,0,TO,TO,6.8,91.67
phylogeny_ms_perf_exp1_k_24_14.phy,0,TO,TO,7.33,132.6
phylogeny_ms_perf_exp1_k_24_15.phy,0,TO,TO,6.8,111.78
phylogeny_ms_perf_exp1_k_24_16.phy,0,TO,TO,9.52,319.68
phylogeny_ms_perf_exp1_k_24_17.phy,1,329.64,751.49,MO,701.43
phylogeny_ms_perf_exp1_k_24_18.phy,0,173.05,273.52,6.44,21.45
phylogeny_ms_perf_exp1_k_24_19.phy,0,1180.81,6.87,8.33,46.84
phylogeny_ms_perf_exp1_k_24_1.phy,0,TO,TO,6.8,193.09
phylogeny_ms_perf_exp1_k_24_2.phy,1,89.84,84.44,MO,69.86
phylogeny_ms_perf_exp1_k_24_3.phy,1,594.62,544.75,MO,161.36
phylogeny_ms_perf_exp1_k_24_4.phy,1,64.61,52.93,MO,30.98
phylogeny_ms_perf_exp1_k_24_5.phy,1,TO,TO,MO,529.0
phylogeny_ms_perf_exp1_k_24_6.phy,0,429.99,12.45,77.08,23.73
phylogeny_ms_perf_exp1_k_24_7.phy,0,171.1,189.14,10.95,83.66
phylogeny_ms_perf_exp1_k_24_8.phy,0,1653.9,6.97,6.52,71.59
phylogeny_ms_perf_exp1_k_24_9.phy,1,1050.91,699.04,MO,82.96
phylogeny_ms_perf_exp1_k_2_4.phy,1,5.5,4.41,0.03,0.0
phylogeny_ms_perf_exp1_k_2_5.phy,1,5.52,4.31,0.05,0.01
phylogeny_ms_perf_exp1_k_26_0.phy,0,589.98,7.21,6.720000000000001,160.3
phylogeny_ms_perf_exp1_k_26_10.phy,1,43.24,26.4,MO,38.96
phylogeny_ms_perf_exp1_k_26_11.phy,0,TO,TO,8.67,350.22
phylogeny_ms_perf_exp1_k_26_12.phy,1,708.68,936.46,MO,409.11
phylogeny_ms_perf_exp1_k_26_13.phy,1,65.36,65.23,MO,98.69
phylogeny_ms_perf_exp1_k_26_14.phy,0,114.75,201.9,13.66,207.59
phylogeny_ms_perf_exp1_k_26_15.phy,0,TO,7.59,7.09,802.09
phylogeny_ms_perf_exp1_k_26_16.phy,1,254.35,248.77,MO,355.59
phylogeny_ms_perf_exp1_k_26_17.phy,1,1310.13,878.22,MO,1051.59
phylogeny_ms_perf_exp1_k_26_18.phy,1,63.01,48.56,MO,201.46
phylogeny_ms_perf_exp1_k_26_19.phy,1,36.26,16.75,MO,39.93
phylogeny_ms_perf_exp1_k_26_1.phy,1,1731.8899999999999,888.27,MO,313.56
phylogeny_ms_perf_exp1_k_26_2.phy,0,41.06,14.35,51.87,23.13
phylogeny_ms_perf_exp1_k_26_3.phy,0,TO,7.31,7.65,395.95
phylogeny_ms_perf_exp1_k_26_4.phy,0,358.91,383.63,75.41,73.74
phylogeny_ms_perf_exp1_k_26_5.phy,1,323.44,264.97,MO,349.46
phylogeny_ms_perf_exp1_k_26_6.phy,1,51.21,39.61,MO,16.21
phylogeny_ms_perf_exp1_k_26_7.phy,0,68.43,66.43,177.65,46.44
phylogeny_ms_perf_exp1_k_26_8.phy,0,TO,7.0,9.33,578.93
phylogeny_ms_perf_exp1_k_26_9.phy,1,TO,TO,MO,1779.55
phylogeny_ms_perf_exp1_k_2_6.phy,1,5.73,4.17,0.01,0.01
phylogeny_ms_perf_exp1_k_2_7.phy,1,5.59,3.13,0.03,MO
phylogeny_ms_perf_exp1_k_28_0.phy,0,156.53,138.72,11.26,478.16
phylogeny_ms_perf_exp1_k_28_10.phy,1,197.87,154.2,MO,412.72
phylogeny_ms_perf_exp1_k_28_11.phy,1,606.94,587.15,MO,246.84
phylogeny_ms_perf_exp1_k_28_12.phy,1,170.96,124.19,MO,47.17
phylogeny_ms_perf_exp1_k_28_13.phy,0,TO,TO,53.27,2507.5
phylogeny_ms_perf_exp1_k_28_14.phy,1,301.11,215.87,MO,190.5
phylogeny_ms_perf_exp1_k_28_15.phy,1,61.21,41.55,MO,694.8000000000001
phylogeny_ms_perf_exp1_k_28_16.phy,0,176.49,156.5,6.82,84.82
phylogeny_ms_perf_exp1_k_28_17.phy,0,1871.2,13.75,8.82,180.24
phylogeny_ms_perf_exp1_k_28_18.phy,1,TO,TO,MO,1729.98
phylogeny_ms_perf_exp1_k_28_19.phy,1,3411.14,2981.2200000000003,MO,241.32999999999998
phylogeny_ms_perf_exp1_k_28_1.phy,1,TO,TO,MO,1572.71
phylogeny_ms_perf_exp1_k_28_2.phy,0,2668.14,2862.7,109.02,991.2099999999999
phylogeny_ms_perf_exp1_k_28_3.phy,0,675.48,598.94,9.06,657.01
phylogeny_ms_perf_exp1_k_28_4.phy,1,55.5,61.14,MO,44.56
phylogeny_ms_perf_exp1_k_28_5.phy,0,TO,7.29,12.66,TO
phylogeny_ms_perf_exp1_k_28_6.phy,0,472.85,7.23,9.39,248.93
phylogeny_ms_perf_exp1_k_28_7.phy,0,TO,TO,6.62,1135.1599999999999
phylogeny_ms_perf_exp1_k_28_8.phy,1,40.6,21.81,MO,55.83
phylogeny_ms_perf_exp1_k_28_9.phy,1,3154.67,TO,MO,1392.13
phylogeny_ms_perf_exp1_k_2_8.phy,0,11.31,7.05,4.68,0.1
phylogeny_ms_perf_exp1_k_2_9.phy,1,5.6,4.32,0.01,0.01
phylogeny_ms_perf_exp1_k_30_0.phy,0,163.19,7.0,6.26,252.49
phylogeny_ms_perf_exp1_k_30_10.phy,1,195.28,422.22,MO,1465.59
phylogeny_ms_perf_exp1_k_30_11.phy,1,2300.93,2063.43,MO,3231.19
phylogeny_ms_perf_exp1_k_30_12.phy,1,116.96,108.86,MO,102.03
phylogeny_ms_perf_exp1_k_30_13.phy,-1,TO,TO,MO,TO
phylogeny_ms_perf_exp1_k_30_14.phy,0,TO,TO,7.43,2681.5
phylogeny_ms_perf_exp1_k_30_15.phy,1,71.57,68.79,MO,535.46
phylogeny_ms_perf_exp1_k_30_16.phy,1,3056.46,1626.86,MO,644.0
phylogeny_ms_perf_exp1_k_30_17.phy,0,TO,TO,10.36,1237.23
phylogeny_ms_perf_exp1_k_30_18.phy,-1,TO,TO,MO,TO
phylogeny_ms_perf_exp1_k_30_19.phy,1,278.75,290.1,MO,2119.84
phylogeny_ms_perf_exp1_k_30_1.phy,0,TO,3386.51,13.43,658.16
phylogeny_ms_perf_exp1_k_30_2.phy,0,TO,TO,7.73,1299.09
phylogeny_ms_perf_exp1_k_30_3.phy,-1,TO,TO,TO,TO
phylogeny_ms_perf_exp1_k_30_4.phy,0,193.31,128.49,617.92,1013.5600000000001
phylogeny_ms_perf_exp1_k_30_5.phy,0,335.7,7.06,7.32,647.83
phylogeny_ms_perf_exp1_k_30_6.phy,-1,TO,TO,MO,TO
phylogeny_ms_perf_exp1_k_30_7.phy,0,796.86,7.25,7.02,1891.1799999999998
phylogeny_ms_perf_exp1_k_30_8.phy,1,178.12,328.98,MO,945.97
phylogeny_ms_perf_exp1_k_30_9.phy,0,TO,6.86,6.39,818.05
phylogeny_ms_perf_exp1_k_32_0.phy,0,TO,TO,202.07,TO
phylogeny_ms_perf_exp1_k_32_10.phy,1,53.09,46.18,MO,128.41
phylogeny_ms_perf_exp1_k_32_11.phy,1,814.71,837.47,TO,TO
phylogeny_ms_perf_exp1_k_32_12.phy,1,498.92,548.23,MO,3246.8500000000004
phylogeny_ms_perf_exp1_k_32_13.phy,0,TO,TO,11.33,1995.4099999999999
phylogeny_ms_perf_exp1_k_32_14.phy,1,192.85,397.6,MO,1588.51
phylogeny_ms_perf_exp1_k_32_15.phy,0,TO,7.3,7.04,TO
phylogeny_ms_perf_exp1_k_32_16.phy,0,TO,TO,42.1,3283.25
phylogeny_ms_perf_exp1_k_32_17.phy,0,2125.3300000000004,1423.48,6.83,2977.7400000000002
phylogeny_ms_perf_exp1_k_32_18.phy,0,TO,TO,15.14,3188.56
phylogeny_ms_perf_exp1_k_32_19.phy,1,366.16,432.67,MO,1838.42
phylogeny_ms_perf_exp1_k_32_1.phy,0,1959.71,3353.08,36.9,TO
phylogeny_ms_perf_exp1_k_32_2.phy,0,TO,TO,7.01,TO
phylogeny_ms_perf_exp1_k_32_3.phy,1,1050.95,964.61,TO,TO
phylogeny_ms_perf_exp1_k_32_4.phy,0,TO,7.12,6.61,515.61
phylogeny_ms_perf_exp1_k_32_5.phy,1,55.32,38.96,MO,365.29
phylogeny_ms_perf_exp1_k_32_6.phy,1,66.94,49.39,MO,41.63
phylogeny_ms_perf_exp1_k_32_7.phy,0,TO,TO,272.03,TO
phylogeny_ms_perf_exp1_k_32_8.phy,0,TO,6.92,6.61,450.79
phylogeny_ms_perf_exp1_k_32_9.phy,-1,TO,TO,TO,TO
phylogeny_ms_perf_exp1_k_34_0.phy,-1,TO,TO,MO,TO
phylogeny_ms_perf_exp1_k_34_10.phy,1,193.84,175.42,TO,TO
phylogeny_ms_perf_exp1_k_34_11.phy,0,TO,7.33,6.92,2613.38
phylogeny_ms_perf_exp1_k_34_12.phy,0,74.18,33.75,7.29,TO
phylogeny_ms_perf_exp1_k_34_13.phy,1,44.97,25.39,MO,760.57
phylogeny_ms_perf_exp1_k_34_14.phy,0,TO,TO,13.89,TO
phylogeny_ms_perf_exp1_k_34_15.phy,1,594.63,512.74,TO,TO
phylogeny_ms_perf_exp1_k_34_16.phy,-1,TO,TO,TO,TO
phylogeny_ms_perf_exp1_k_34_17.phy,1,69.54,46.45,MO,651.07
phylogeny_ms_perf_exp1_k_34_18.phy,0,TO,7.54,8.28,TO
phylogeny_ms_perf_exp1_k_34_19.phy,1,2185.0,2471.76,TO,TO
phylogeny_ms_perf_exp1_k_34_1.phy,1,72.67,61.76,MO,224.69
phylogeny_ms_perf_exp1_k_34_2.phy,0,TO,7.22,6.97,2658.0
phylogeny_ms_perf_exp1_k_34_3.phy,0,TO,TO,59.76,TO
phylogeny_ms_perf_exp1_k_34_4.phy,-1,TO,TO,MO,TO
phylogeny_ms_perf_exp1_k_34_5.phy,-1,TO,TO,TO,TO
phylogeny_ms_perf_exp1_k_34_6.phy,1,50.98,33.18,MO,1583.49
phylogeny_ms_perf_exp1_k_34_7.phy,1,274.9,248.17,MO,2269.07
phylogeny_ms_perf_exp1_k_34_8.phy,1,133.06,118.16,MO,1186.07
phylogeny_ms_perf_exp1_k_34_9.phy,1,1105.28,1274.25,TO,TO
phylogeny_ms_perf_exp1_k_36_0.phy,0,1050.55,1675.98,8.27,TO
phylogeny_ms_perf_exp1_k_36_10.phy,0,TO,TO,108.77,TO
phylogeny_ms_perf_exp1_k_36_11.phy,1,TO,2925.92,TO,TO
phylogeny_ms_perf_exp1_k_36_12.phy,-1,TO,TO,TO,TO
phylogeny_ms_perf_exp1_k_36_13.phy,0,TO,TO,18.38,TO
phylogeny_ms_perf_exp1_k_36_14.phy,-1,TO,TO,TO,TO
phylogeny_ms_perf_exp1_k_36_15.phy,1,75.36,52.52,MO,TO
phylogeny_ms_perf_exp1_k_36_16.phy,0,209.48,275.47,7.85,1591.74
phylogeny_ms_perf_exp1_k_36_17.phy,0,TO,TO,44.53,TO
phylogeny_ms_perf_exp1_k_36_18.phy,-1,TO,TO,MO,TO
phylogeny_ms_perf_exp1_k_36_19.phy,1,2099.81,2639.25,TO,TO
phylogeny_ms_perf_exp1_k_36_1.phy,1,2706.54,2446.45,TO,TO
phylogeny_ms_perf_exp1_k_36_2.phy,0,TO,7.57,7.86,TO
phylogeny_ms_perf_exp1_k_36_3.phy,0,TO,7.57,7.88,TO
phylogeny_ms_perf_exp1_k_36_4.phy,0,TO,TO,7.81,TO
phylogeny_ms_perf_exp1_k_36_5.phy,-1,TO,TO,TO,TO
phylogeny_ms_perf_exp1_k_36_6.phy,-1,TO,TO,TO,TO
phylogeny_ms_perf_exp1_k_36_7.phy,1,248.03,491.57,MO,921.91
phylogeny_ms_perf_exp1_k_36_8.phy,1,909.14,758.23,MO,1312.22
phylogeny_ms_perf_exp1_k_36_9.phy,1,264.27,370.63,TO,TO
phylogeny_ms_perf_exp1_k_38_0.phy,0,546.57,443.99,7.42,2294.51
phylogeny_ms_perf_exp1_k_38_10.phy,0,TO,TO,15.25,TO
phylogeny_ms_perf_exp1_k_38_11.phy,-1,TO,TO,TO,TO
phylogeny_ms_perf_exp1_k_38_12.phy,0,62.54,55.99,14.67,617.92
phylogeny_ms_perf_exp1_k_38_13.phy,-1,TO,TO,TO,TO
phylogeny_ms_perf_exp1_k_38_14.phy,0,TO,TO,9.06,TO
phylogeny_ms_perf_exp1_k_38_15.phy,0,273.13,83.83,11.35,TO
phylogeny_ms_perf_exp1_k_38_16.phy,0,TO,TO,7.31,TO
phylogeny_ms_perf_exp1_k_38_17.phy,0,TO,TO,13.9,TO
phylogeny_ms_perf_exp1_k_38_18.phy,0,TO,TO,9.27,TO
phylogeny_ms_perf_exp1_k_38_19.phy,-1,TO,TO,TO,TO
phylogeny_ms_perf_exp1_k_38_1.phy,0,TO,25.43,157.68,TO
phylogeny_ms_perf_exp1_k_38_2.phy,0,TO,TO,61.63,TO
phylogeny_ms_perf_exp1_k_38_3.phy,1,3393.56,2959.36,MO,TO
phylogeny_ms_perf_exp1_k_38_4.phy,0,TO,7.45,9.49,TO
phylogeny_ms_perf_exp1_k_38_5.phy,1,2835.12,2745.74,MO,TO
phylogeny_ms_perf_exp1_k_38_6.phy,1,2922.49,3072.87,MO,TO
phylogeny_ms_perf_exp1_k_38_7.phy,1,207.26,178.23,TO,TO
phylogeny_ms_perf_exp1_k_38_8.phy,1,164.55,294.19,TO,TO
phylogeny_ms_perf_exp1_k_38_9.phy,0,166.98,155.95,7.15,TO
phylogeny_ms_perf_exp1_k_40_0.phy,1,153.88,146.64,MO,TO
phylogeny_ms_perf_exp1_k_40_10.phy,0,TO,TO,6.91,TO
phylogeny_ms_perf_exp1_k_40_11.phy,1,103.34,72.54,MO,675.52
phylogeny_ms_perf_exp1_k_40_12.phy,0,TO,TO,25.56,TO
phylogeny_ms_perf_exp1_k_40_13.phy,0,441.38,563.1,18.24,TO
phylogeny_ms_perf_exp1_k_40_14.phy,0,187.79,179.72,164.19,TO
phylogeny_ms_perf_exp1_k_40_15.phy,0,TO,TO,10.96,TO
phylogeny_ms_perf_exp1_k_40_16.phy,0,107.77,55.73,25.25,TO
phylogeny_ms_perf_exp1_k_40_17.phy,-1,TO,TO,TO,TO
phylogeny_ms_perf_exp1_k_40_18.phy,0,181.98,26.26,15.63,TO
phylogeny_ms_perf_exp1_k_40_19.phy,0,TO,TO,11.81,TO
phylogeny_ms_perf_exp1_k_40_1.phy,0,TO,2958.32,32.64,TO
phylogeny_ms_perf_exp1_k_40_2.phy,0,85.32,62.96,32.56,TO
phylogeny_ms_perf_exp1_k_40_3.phy,1,66.94,58.04,MO,TO
phylogeny_ms_perf_exp1_k_40_4.phy,1,1136.27,1097.15,TO,TO
phylogeny_ms_perf_exp1_k_40_5.phy,-1,TO,TO,MO,TO
phylogeny_ms_perf_exp1_k_40_6.phy,-1,TO,TO,TO,TO
phylogeny_ms_perf_exp1_k_40_7.phy,0,TO,TO,26.06,TO
phylogeny_ms_perf_exp1_k_40_8.phy,0,102.06,76.25,8.62,TO
phylogeny_ms_perf_exp1_k_40_9.phy,1,173.36,158.6,TO,TO
phylogeny_ms_perf_exp1_k_4_0.phy,0,18.73,6.39,5.92,0.44
phylogeny_ms_perf_exp1_k_4_10.phy,1,6.42,6.37,0.01,0.01
phylogeny_ms_perf_exp1_k_4_11.phy,1,19.39,10.75,15.92,0.53
phylogeny_ms_perf_exp1_k_4_12.phy,1,18.85,6.36,0.22,0.0
phylogeny_ms_perf_exp1_k_4_13.phy,0,19.99,6.25,5.68,0.46
phylogeny_ms_perf_exp1_k_4_14.phy,0,19.68,6.27,5.52,0.52
phylogeny_ms_perf_exp1_k_4_15.phy,1,19.24,9.46,13.46,0.51
phylogeny_ms_perf_exp1_k_4_16.phy,1,6.32,6.39,0.02,0.01
phylogeny_ms_perf_exp1_k_4_17.phy,1,6.37,6.28,0.01,0.01
phylogeny_ms_perf_exp1_k_4_18.phy,1,18.4,8.88,62.25,0.48
phylogeny_ms_perf_exp1_k_4_19.phy,0,17.55,6.16,5.98,0.43
phylogeny_ms_perf_exp1_k_4_1.phy,0,16.62,6.87,5.76,0.38
phylogeny_ms_perf_exp1_k_4_2.phy,1,6.52,6.52,0.02,0.01
phylogeny_ms_perf_exp1_k_4_3.phy,1,18.95,8.66,0.23,0.0
phylogeny_ms_perf_exp1_k_4_4.phy,1,15.86,9.25,13.0,0.37
phylogeny_ms_perf_exp1_k_4_5.phy,1,6.92,6.46,0.22,0.0
phylogeny_ms_perf_exp1_k_4_6.phy,0,17.11,9.79,6.1,0.47
phylogeny_ms_perf_exp1_k_4_7.phy,0,18.39,6.3,5.63,0.4
phylogeny_ms_perf_exp1_k_4_8.phy,0,19.91,6.28,5.5,0.51
phylogeny_ms_perf_exp1_k_4_9.phy,0,19.24,6.45,5.65,0.47
phylogeny_ms_perf_exp1_k_6_0.phy,0,22.35,13.3,5.82,0.77
phylogeny_ms_perf_exp1_k_6_10.phy,0,20.3,6.41,5.66,0.61
phylogeny_ms_perf_exp1_k_6_11.phy,0,23.73,11.62,5.55,0.82
phylogeny_ms_perf_exp1_k_6_12.phy,1,6.67,6.47,0.23,0.01
phylogeny_ms_perf_exp1_k_6_13.phy,1,25.49,13.8,504.57,0.98
phylogeny_ms_perf_exp1_k_6_14.phy,0,24.63,6.4,5.86,0.81
phylogeny_ms_perf_exp1_k_6_15.phy,0,23.09,6.63,5.9,0.83
phylogeny_ms_perf_exp1_k_6_16.phy,0,24.21,13.55,5.71,0.88
phylogeny_ms_perf_exp1_k_6_17.phy,0,24.74,6.22,5.6,0.91
phylogeny_ms_perf_exp1_k_6_18.phy,1,25.04,9.83,0.03,0.01
phylogeny_ms_perf_exp1_k_6_19.phy,1,22.65,9.13,4.65,0.01
phylogeny_ms_perf_exp1_k_6_1.phy,0,25.33,6.53,6.03,1.03
phylogeny_ms_perf_exp1_k_6_2.phy,0,21.55,13.07,5.91,0.74
phylogeny_ms_perf_exp1_k_6_3.phy,0,22.39,6.41,5.79,0.84
phylogeny_ms_perf_exp1_k_6_4.phy,1,23.07,14.59,132.92,0.73
phylogeny_ms_perf_exp1_k_6_5.phy,0,23.96,10.4,5.87,1.01
phylogeny_ms_perf_exp1_k_6_6.phy,0,21.56,6.61,6.55,0.83
phylogeny_ms_perf_exp1_k_6_7.phy,1,24.0,11.99,63.07,0.86
phylogeny_ms_perf_exp1_k_6_8.phy,0,21.84,6.55,5.77,0.51
phylogeny_ms_perf_exp1_k_6_9.phy,1,23.87,13.28,52.64,0.87
phylogeny_ms_perf_exp1_k_8_0.phy,0,29.91,6.27,6.08,1.52
phylogeny_ms_perf_exp1_k_8_10.phy,0,32.21,17.71,6.31,1.6
phylogeny_ms_perf_exp1_k_8_11.phy,1,30.85,15.6,TO,1.56
phylogeny_ms_perf_exp1_k_8_12.phy,1,30.23,17.51,1106.97,1.41
phylogeny_ms_perf_exp1_k_8_13.phy,0,23.26,6.63,8.0,1.05
phylogeny_ms_perf_exp1_k_8_14.phy,1,25.91,16.01,342.24,1.14
phylogeny_ms_perf_exp1_k_8_15.phy,1,27.65,16.68,154.76,1.25
phylogeny_ms_perf_exp1_k_8_16.phy,1,26.36,14.39,1006.99,1.13
phylogeny_ms_perf_exp1_k_8_17.phy,0,31.3,17.37,5.96,1.29
phylogeny_ms_perf_exp1_k_8_18.phy,0,34.55,6.48,6.23,1.4
phylogeny_ms_perf_exp1_k_8_19.phy,0,29.87,6.23,5.73,1.45
phylogeny_ms_perf_exp1_k_8_1.phy,0,27.16,6.65,5.68,1.33
phylogeny_ms_perf_exp1_k_8_2.phy,0,27.62,6.51,5.88,1.11
phylogeny_ms_perf_exp1_k_8_3.phy,0,31.25,15.47,8.32,1.56
phylogeny_ms_perf_exp1_k_8_4.phy,1,28.38,18.16,216.16,1.2
phylogeny_ms_perf_exp1_k_8_5.phy,0,32.06,6.35,6.17,1.18
phylogeny_ms_perf_exp1_k_8_6.phy,1,33.91,22.35,142.73,1.31
phylogeny_ms_perf_exp1_k_8_7.phy,1,24.71,18.6,116.13,1.1
phylogeny_ms_perf_exp1_k_8_8.phy,0,30.99,6.43,5.91,1.08
phylogeny_ms_perf_exp1_k_8_9.phy,0,32.3,18.83,6.41,1.31
phylogeny_ms_perf_exp1_n_120_0.phy,0,10.0,2.8,0.22,1.04
phylogeny_ms_perf_exp1_n_120_10.phy,1,0.66,0.43,TO,0.24
phylogeny_ms_perf_exp1_n_120_11.phy,1,0.88,0.59,MO,0.87
phylogeny_ms_perf_exp1_n_120_12.phy,1,0.67,0.42,TO,0.26
phylogeny_ms_perf_exp1_n_120_13.phy,0,0.8,0.5700000000000001,0.26,0.36
phylogeny_ms_perf_exp1_n_120_14.phy,1,0.83,0.63,MO,0.99
phylogeny_ms_perf_exp1_n_120_15.phy,1,0.75,0.63,MO,0.8
phylogeny_ms_perf_exp1_n_120_16.phy,1,1.51,0.98,TO,2.54
phylogeny_ms_perf_exp1_n_120_17.phy,0,0.78,0.59,0.23,0.36
phylogeny_ms_perf_exp1_n_120_18.phy,1,2.94,2.81,TO,2.84
phylogeny_ms_perf_exp1_n_120_19.phy,1,0.75,0.55,TO,0.5
phylogeny_ms_perf_exp1_n_120_1.phy,0,2.77,2.02,0.23,0.45
phylogeny_ms_perf_exp1_n_120_2.phy,1,0.72,0.44,TO,0.53
phylogeny_ms_perf_exp1_n_120_3.phy,1,0.83,0.63,TO,0.96
phylogeny_ms_perf_exp1_n_120_4.phy,0,0.98,0.83,0.21,0.49
phylogeny_ms_perf_exp1_n_120_5.phy,0,0.76,0.41,0.6,0.55
phylogeny_ms_perf_exp1_n_120_6.phy,1,9.5,5.5,1896.37,2.92
phylogeny_ms_perf_exp1_n_120_7.phy,0,0.71,0.27,0.42,0.47000000000000003
phylogeny_ms_perf_exp1_n_120_8.phy,0,0.8,0.51,0.8500000000000001,0.52
phylogeny_ms_perf_exp1_n_120_9.phy,1,0.66,0.44,TO,0.28
phylogeny_ms_perf_exp1_n_160_0.phy,0,78.74,54.57,0.49,3.75
phylogeny_ms_perf_exp1_n_160_10.phy,1,1.94,1.35,MO,1.05
phylogeny_ms_perf_exp1_n_160_11.phy,1,2.05,1.38,TO,1.18
phylogeny_ms_perf_exp1_n_160_12.phy,1,1.73,1.12,MO,0.75
phylogeny_ms_perf_exp1_n_160_13.phy,1,48.39,30.21,TO,3.52
phylogeny_ms_perf_exp1_n_160_14.phy,0,29.13,23.32,0.44,1.83
phylogeny_ms_perf_exp1_n_160_15.phy,1,55.56,51.08,TO,9.08
phylogeny_ms_perf_exp1_n_160_16.phy,0,91.86,40.56,0.5800000000000001,3.66
phylogeny_ms_perf_exp1_n_160_17.phy,1,23.34,11.99,TO,3.86
phylogeny_ms_perf_exp1_n_160_18.phy,1,2.54,2.04,TO,2.18
phylogeny_ms_perf_exp1_n_160_19.phy,0,13.32,12.9,2.67,1.8800000000000001
phylogeny_ms_perf_exp1_n_160_1.phy,0,2.1,0.48,0.44,0.39
phylogeny_ms_perf_exp1_n_160_2.phy,1,2.16,1.6,MO,1.32
phylogeny_ms_perf_exp1_n_160_3.phy,0,6.28,4.69,0.43,1.2
phylogeny_ms_perf_exp1_n_160_4.phy,1,39.8,19.57,TO,4.38
phylogeny_ms_perf_exp1_n_160_5.phy,1,3.18,2.38,769.1899999999999,0.88
phylogeny_ms_perf_exp1_n_160_6.phy,1,2.0,1.55,TO,0.61
phylogeny_ms_perf_exp1_n_160_7.phy,0,51.81,42.8,0.52,5.07
phylogeny_ms_perf_exp1_n_160_8.phy,1,139.0,81.27,TO,2.72
phylogeny_ms_perf_exp1_n_160_9.phy,1,1.98,1.11,TO,1.3
phylogeny_ms_perf_exp1_n_200_0.phy,0,170.1,0.91,0.88,3.55
phylogeny_ms_perf_exp1_n_200_10.phy,1,99.27,64.39,MO,8.33
phylogeny_ms_perf_exp1_n_200_11.phy,0,4.76,0.85,1.34,3.53
phylogeny_ms_perf_exp1_n_200_12.phy,0,12.87,7.46,1.25,2.97
phylogeny_ms_perf_exp1_n_200_13.phy,0,532.58,302.16,0.95,9.15
phylogeny_ms_perf_exp1_n_200_14.phy,1,70.2,44.68,MO,12.56
phylogeny_ms_perf_exp1_n_200_15.phy,1,5.51,3.94,MO,2.86
phylogeny_ms_perf_exp1_n_200_16.phy,1,4.15,3.11,MO,2.82
phylogeny_ms_perf_exp1_n_200_17.phy,1,43.63,37.92,MO,4.51
phylogeny_ms_perf_exp1_n_200_18.phy,1,208.03,146.31,MO,8.84
phylogeny_ms_perf_exp1_n_200_19.phy,0,59.82,54.05,4.73,2.26
phylogeny_ms_perf_exp1_n_200_1.phy,1,20.91,27.26,MO,14.34
phylogeny_ms_perf_exp1_n_200_2.phy,0,4.13,2.89,1.18,1.37
phylogeny_ms_perf_exp1_n_200_3.phy,0,116.24,72.8,1.16,10.64
phylogeny_ms_perf_exp1_n_200_4.phy,1,8.77,8.24,TO,5.25
phylogeny_ms_perf_exp1_n_200_5.phy,0,101.15,60.59,0.93,4.83
phylogeny_ms_perf_exp1_n_200_6.phy,1,4.93,3.6,MO,3.49
phylogeny_ms_perf_exp1_n_200_7.phy,0,4.39,1.54,8.96,1.84
phylogeny_ms_perf_exp1_n_200_8.phy,0,4.06,1.82,0.8,1.96
phylogeny_ms_perf_exp1_n_200_9.phy,1,3.55,2.58,MO,1.82
phylogeny_ms_perf_exp1_n_240_0.phy,0,1180.21,490.85,1.47,5.88
phylogeny_ms_perf_exp1_n_240_10.phy,0,114.49,1.76,1.35,4.8
phylogeny_ms_perf_exp1_n_240_11.phy,0,120.44,102.14,1.6,8.16
phylogeny_ms_perf_exp1_n_240_12.phy,1,7.42,4.24,MO,4.49
phylogeny_ms_perf_exp1_n_240_13.phy,0,882.3,1.76,1.6,4.55
phylogeny_ms_perf_exp1_n_240_14.phy,1,789.74,482.39,MO,9.63
phylogeny_ms_perf_exp1_n_240_15.phy,0,24.65,17.91,1.44,2.63
phylogeny_ms_perf_exp1_n_240_16.phy,0,35.74,32.22,1.4100000000000001,4.22
phylogeny_ms_perf_exp1_n_240_17.phy,1,376.59,312.16,MO,11.14
phylogeny_ms_perf_exp1_n_240_18.phy,0,885.41,610.99,1.94,6.53
phylogeny_ms_perf_exp1_n_240_19.phy,0,6.87,4.97,2.64,4.48
phylogeny_ms_perf_exp1_n_240_1.phy,1,1046.83,805.98,MO,12.11
phylogeny_ms_perf_exp1_n_240_2.phy,0,6.42,3.74,1.37,1.67
phylogeny_ms_perf_exp1_n_240_3.phy,1,6.55,2.64,MO,3.16
phylogeny_ms_perf_exp1_n_240_4.phy,1,7.05,4.8,MO,3.3
phylogeny_ms_perf_exp1_n_240_5.phy,1,7.33,4.85,MO,2.2
phylogeny_ms_perf_exp1_n_240_6.phy,0,14.78,1.47,1.4300000000000002,7.61
phylogeny_ms_perf_exp1_n_240_7.phy,1,986.05,708.29,MO,8.13
phylogeny_ms_perf_exp1_n_240_8.phy,1,7.66,5.84,MO,2.74
phylogeny_ms_perf_exp1_n_240_9.phy,0,659.74,1.45,1.68,8.86
phylogeny_ms_perf_exp1_n_280_0.phy,1,328.2,182.61,MO,16.42
phylogeny_ms_perf_exp1_n_280_10.phy,1,19.95,31.16,MO,8.17
phylogeny_ms_perf_exp1_n_280_11.phy,1,307.53,298.16,MO,12.92
phylogeny_ms_perf_exp1_n_280_12.phy,0,177.01,2.32,3.83,4.79
phylogeny_ms_perf_exp1_n_280_13.phy,0,265.77,210.49,2.23,10.2
phylogeny_ms_perf_exp1_n_280_14.phy,1,13.08,10.53,MO,2.52
phylogeny_ms_perf_exp1_n_280_15.phy,0,40.39,2.34,2.2,4.02
phylogeny_ms_perf_exp1_n_280_16.phy,1,328.07,315.46,MO,21.27
phylogeny_ms_perf_exp1_n_280_17.phy,0,12.82,2.39,10.9,7.51
phylogeny_ms_perf_exp1_n_280_18.phy,1,10.06,5.75,MO,1.72
phylogeny_ms_perf_exp1_n_280_19.phy,0,14.44,2.37,3.31,3.37
phylogeny_ms_perf_exp1_n_280_1.phy,0,147.94,2.4,5.69,5.51
phylogeny_ms_perf_exp1_n_280_2.phy,1,15.28,14.96,MO,4.82
phylogeny_ms_perf_exp1_n_280_3.phy,1,11.82,6.79,MO,4.29
phylogeny_ms_perf_exp1_n_280_4.phy,1,20.33,13.64,MO,5.59
phylogeny_ms_perf_exp1_n_280_5.phy,0,923.1,643.39,5.19,24.71
phylogeny_ms_perf_exp1_n_280_6.phy,1,137.5,147.14,MO,5.61
phylogeny_ms_perf_exp1_n_280_7.phy,0,22.14,2.29,2.26,4.01
phylogeny_ms_perf_exp1_n_280_8.phy,0,3454.66,1634.08,2.23,8.52
phylogeny_ms_perf_exp1_n_280_9.phy,1,44.08,42.49,MO,8.0
phylogeny_ms_perf_exp1_n_320_0.phy,1,249.71,243.33,MO,15.58
phylogeny_ms_perf_exp1_n_320_10.phy,0,26.97,19.11,4.1,6.49
phylogeny_ms_perf_exp1_n_320_11.phy,1,492.8,458.52,MO,21.35
phylogeny_ms_perf_exp1_n_320_12.phy,1,24.41,15.89,MO,3.55
phylogeny_ms_perf_exp1_n_320_13.phy,1,60.19,65.09,MO,19.17
phylogeny_ms_perf_exp1_n_320_14.phy,0,34.1,3.56,3.46,14.27
phylogeny_ms_perf_exp1_n_320_15.phy,1,89.93,51.81,MO,11.41
phylogeny_ms_perf_exp1_n_320_16.phy,1,TO,TO,MO,23.49
phylogeny_ms_perf_exp1_n_320_17.phy,1,586.56,392.49,MO,23.810000000000002
phylogeny_ms_perf_exp1_n_320_18.phy,1,TO,TO,MO,17.33
phylogeny_ms_perf_exp1_n_320_19.phy,1,965.77,821.35,MO,19.09
phylogeny_ms_perf_exp1_n_320_1.phy,0,19.48,13.21,3.84,5.8
phylogeny_ms_perf_exp1_n_320_2.phy,1,23.73,20.06,MO,12.63
phylogeny_ms_perf_exp1_n_320_3.phy,1,24.71,28.54,MO,6.27
phylogeny_ms_perf_exp1_n_320_4.phy,1,32.6,26.96,MO,7.87
phylogeny_ms_perf_exp1_n_320_5.phy,1,22.59,18.13,MO,9.33
phylogeny_ms_perf_exp1_n_320_6.phy,0,195.22,124.41,3.58,9.48
phylogeny_ms_perf_exp1_n_320_7.phy,1,427.86,360.36,MO,13.37
phylogeny_ms_perf_exp1_n_320_8.phy,1,105.39,49.95,MO,9.58
phylogeny_ms_perf_exp1_n_320_9.phy,1,35.88,51.83,MO,14.06
phylogeny_ms_perf_exp1_n_360_0.phy,0,867.41,656.69,5.29,16.93
phylogeny_ms_perf_exp1_n_360_10.phy,0,27.92,5.07,5.62,11.62
phylogeny_ms_perf_exp1_n_360_11.phy,1,553.01,379.19,MO,27.42
phylogeny_ms_perf_exp1_n_360_12.phy,1,84.95,130.21,MO,25.56
phylogeny_ms_perf_exp1_n_360_13.phy,1,2816.62,2371.94,MO,31.8
phylogeny_ms_perf_exp1_n_360_14.phy,0,TO,5.33,5.87,59.09
phylogeny_ms_perf_exp1_n_360_15.phy,0,133.32,122.05,19.06,15.32
phylogeny_ms_perf_exp1_n_360_16.phy,0,69.56,78.51,16.58,14.78
phylogeny_ms_perf_exp1_n_360_17.phy,1,407.31,358.0,MO,11.35
phylogeny_ms_perf_exp1_n_360_18.phy,1,62.18,51.17,MO,12.6
phylogeny_ms_perf_exp1_n_360_19.phy,1,26.73,21.05,MO,9.37
phylogeny_ms_perf_exp1_n_360_1.phy,0,29.54,19.84,35.06,8.07
phylogeny_ms_perf_exp1_n_360_2.phy,1,TO,TO,MO,44.55
phylogeny_ms_perf_exp1_n_360_3.phy,1,24.87,13.02,MO,6.57
phylogeny_ms_perf_exp1_n_360_4.phy,0,1560.92,1022.25,13.73,25.66
phylogeny_ms_perf_exp1_n_360_5.phy,1,29.97,16.16,MO,11.14
phylogeny_ms_perf_exp1_n_360_6.phy,1,717.9,673.47,MO,33.83
phylogeny_ms_perf_exp1_n_360_7.phy,0,207.22,143.36,5.17,14.89
phylogeny_ms_perf_exp1_n_360_8.phy,0,64.89,62.14,8.93,10.18
phylogeny_ms_perf_exp1_n_360_9.phy,0,1309.26,902.11,5.67,29.17
phylogeny_ms_perf_exp1_n_400_0.phy,0,30.0,6.69,6.74,4.29
phylogeny_ms_perf_exp1_n_400_10.phy,1,49.6,34.21,MO,22.67
phylogeny_ms_perf_exp1_n_400_11.phy,1,TO,TO,MO,33.62
phylogeny_ms_perf_exp1_n_400_12.phy,1,689.8,553.61,MO,23.79
phylogeny_ms_perf_exp1_n_400_13.phy,1,67.93,71.61,MO,11.53
phylogeny_ms_perf_exp1_n_400_14.phy,1,37.59,24.3,MO,6.92
phylogeny_ms_perf_exp1_n_400_15.phy,1,TO,TO,RTE,53.71
phylogeny_ms_perf_exp1_n_400_16.phy,0,300.26,7.43,6.83,11.8
phylogeny_ms_perf_exp1_n_400_17.phy,0,TO,7.47,8.51,70.11
phylogeny_ms_perf_exp1_n_400_18.phy,0,2990.8300000000004,2248.74,6.51,11.39
phylogeny_ms_perf_exp1_n_400_19.phy,0,TO,TO,6.35,45.47
phylogeny_ms_perf_exp1_n_400_1.phy,1,35.99,22.76,MO,6.62
phylogeny_ms_perf_exp1_n_400_2.phy,0,1095.18,868.41,6.62,9.87
phylogeny_ms_perf_exp1_n_400_3.phy,0,309.77,7.25,7.41,22.09
phylogeny_ms_perf_exp1_n_400_4.phy,0,TO,3207.34,8.44,25.93
phylogeny_ms_perf_exp1_n_400_5.phy,0,TO,6.85,6.56,28.46
phylogeny_ms_perf_exp1_n_400_6.phy,1,34.19,11.85,MO,5.81
phylogeny_ms_perf_exp1_n_400_7.phy,0,56.89,50.04,7.79,17.71
phylogeny_ms_perf_exp1_n_400_8.phy,1,100.74,110.88,MO,8.43
phylogeny_ms_perf_exp1_n_400_9.phy,1,72.41,76.54,MO,17.87
phylogeny_ms_perf_exp1_n_40_10.phy,1,0.09,0.09,TO,0.1
phylogeny_ms_perf_exp1_n_40_11.phy,1,0.07,0.06,TO,0.09
phylogeny_ms_perf_exp1_n_40_12.phy,1,0.04,0.04,3.39,0.0
phylogeny_ms_perf_exp1_n_40_13.phy,1,0.09,0.05,TO,0.08
phylogeny_ms_perf_exp1_n_40_14.phy,0,0.07,0.05,0.03,0.15
phylogeny_ms_perf_exp1_n_40_15.phy,1,0.07,0.06,TO,0.08
phylogeny_ms_perf_exp1_n_40_16.phy,1,0.06,0.04,0.1,0.0
phylogeny_ms_perf_exp1_n_40_17.phy,0,0.06,0.05,0.02,0.07
phylogeny_ms_perf_exp1_n_40_18.phy,0,0.06,0.03,0.05,0.03
phylogeny_ms_perf_exp1_n_40_19.phy,0,0.08,0.08,0.03,0.02
phylogeny_ms_perf_exp1_n_40_1.phy,1,0.11,0.07,35.92,0.13
phylogeny_ms_perf_exp1_n_40_2.phy,1,0.05,0.07,TO,0.07
phylogeny_ms_perf_exp1_n_40_3.phy,1,0.1,0.08,TO,0.17
phylogeny_ms_perf_exp1_n_40_4.phy,1,0.05,0.05,TO,0.07
phylogeny_ms_perf_exp1_n_40_5.phy,1,0.08,0.07,TO,0.14
phylogeny_ms_perf_exp1_n_40_6.phy,0,0.11,0.08,0.08,0.12
phylogeny_ms_perf_exp1_n_40_7.phy,1,0.08,0.1,2140.92,0.02
phylogeny_ms_perf_exp1_n_40_8.phy,1,0.07,0.04,TO,0.060000000000000005
phylogeny_ms_perf_exp1_n_40_9.phy,1,0.08,0.09,TO,0.16
phylogeny_ms_perf_exp1_n_440_0.phy,0,171.15,9.62,17.43,15.23
phylogeny_ms_perf_exp1_n_440_10.phy,1,48.12,24.47,MO,9.02
phylogeny_ms_perf_exp1_n_440_11.phy,0,55.62,9.44,9.33,5.21
phylogeny_ms_perf_exp1_n_440_12.phy,0,686.97,396.46,9.11,17.96
phylogeny_ms_perf_exp1_n_440_13.phy,0,TO,TO,9.03,71.66
phylogeny_ms_perf_exp1_n_440_14.phy,0,3597.99,2218.58,9.11,25.21
phylogeny_ms_perf_exp1_n_440_15.phy,0,58.56,23.99,9.82,16.25
phylogeny_ms_perf_exp1_n_440_16.phy,0,1949.61,9.67,9.22,42.48
phylogeny_ms_perf_exp1_n_440_17.phy,1,85.07,62.88,MO,12.530000000000001
phylogeny_ms_perf_exp1_n_440_18.phy,1,48.66,27.35,MO,7.09
phylogeny_ms_perf_exp1_n_440_19.phy,1,96.02,79.04,MO,19.06
phylogeny_ms_perf_exp1_n_440_1.phy,0,TO,18.59,31.68,60.44
phylogeny_ms_perf_exp1_n_440_2.phy,0,366.54,272.91,8.77,37.25
phylogeny_ms_perf_exp1_n_440_3.phy,0,59.87,37.74,10.26,14.96
phylogeny_ms_perf_exp1_n_440_4.phy,1,89.62,73.56,MO,19.76
phylogeny_ms_perf_exp1_n_440_5.phy,0,327.01,9.58,8.89,11.48
phylogeny_ms_perf_exp1_n_440_6.phy,0,937.58,656.59,9.11,14.55
phylogeny_ms_perf_exp1_n_440_7.phy,0,1460.57,1177.15,20.86,27.57
phylogeny_ms_perf_exp1_n_440_8.phy,1,52.4,30.84,MO,15.91
phylogeny_ms_perf_exp1_n_440_9.phy,1,854.75,718.62,MO,40.76
phylogeny_ms_perf_exp1_n_480_0.phy,0,2005.11,12.28,12.62,45.04
phylogeny_ms_perf_exp1_n_480_10.phy,1,428.54,662.3,MO,44.55
phylogeny_ms_perf_exp1_n_480_11.phy,1,71.61,30.61,MO,17.79
phylogeny_ms_perf_exp1_n_480_12.phy,0,TO,12.34,11.98,59.19
phylogeny_ms_perf_exp1_n_480_13.phy,1,1011.8,711.99,MO,17.42
phylogeny_ms_perf_exp1_n_480_14.phy,1,200.23,208.97,MO,21.93
phylogeny_ms_perf_exp1_n_480_15.phy,0,TO,12.25,12.27,116.6
phylogeny_ms_perf_exp1_n_480_16.phy,0,457.5,345.98,21.1,53.1
phylogeny_ms_perf_exp1_n_480_17.phy,1,2186.89,1961.53,MO,42.71
phylogeny_ms_perf_exp1_n_480_18.phy,1,193.07,310.4,MO,44.12
phylogeny_ms_perf_exp1_n_480_19.phy,0,2867.2599999999998,2538.57,12.07,97.33
phylogeny_ms_perf_exp1_n_480_1.phy,1,93.49,88.38,MO,12.53
phylogeny_ms_perf_exp1_n_480_2.phy,1,1906.15,2037.54,MO,81.47
phylogeny_ms_perf_exp1_n_480_3.phy,0,75.86,12.65,13.35,10.110000000000001
phylogeny_ms_perf_exp1_n_480_4.phy,1,1002.25,1025.82,MO,29.89
phylogeny_ms_perf_exp1_n_480_5.phy,0,2834.85,12.51,11.02,19.7
phylogeny_ms_perf_exp1_n_480_6.phy,1,159.16,243.38,MO,28.24
phylogeny_ms_perf_exp1_n_480_7.phy,0,TO,12.16,14.46,71.28
phylogeny_ms_perf_exp1_n_480_8.phy,1,95.39,55.93,MO,23.93
phylogeny_ms_perf_exp1_n_480_9.phy,0,244.96,373.86,20.55,69.27
phylogeny_ms_perf_exp1_n_520_0.phy,1,TO,TO,MO,61.83
phylogeny_ms_perf_exp1_n_520_10.phy,0,406.65,16.43,15.29,29.16
phylogeny_ms_perf_exp1_n_520_11.phy,0,279.52,15.72,19.01,14.58
phylogeny_ms_perf_exp1_n_520_12.phy,1,117.51,65.95,MO,28.0
phylogeny_ms_perf_exp1_n_520_13.phy,0,TO,TO,37.01,85.05
phylogeny_ms_perf_exp1_n_520_14.phy,0,168.33,15.61,14.47,13.55
phylogeny_ms_perf_exp1_n_520_15.phy,1,297.72,264.5,MO,30.0
phylogeny_ms_perf_exp1_n_520_16.phy,0,116.82,15.96,21.31,19.11
phylogeny_ms_perf_exp1_n_520_17.phy,0,1213.01,16.31,27.39,58.4
phylogeny_ms_perf_exp1_n_520_18.phy,0,87.62,46.13,17.99,12.43
phylogeny_ms_perf_exp1_n_520_19.phy,0,158.14,88.29,15.29,16.240000000000002
phylogeny_ms_perf_exp1_n_520_1.phy,0,TO,16.74,15.4,63.75
phylogeny_ms_perf_exp1_n_520_2.phy,1,160.42,256.11,MO,25.15
phylogeny_ms_perf_exp1_n_520_3.phy,0,TO,16.25,15.05,101.53
phylogeny_ms_perf_exp1_n_520_4.phy,1,95.93,52.89,MO,13.97
phylogeny_ms_perf_exp1_n_520_5.phy,0,115.15,16.59,14.87,17.37
phylogeny_ms_perf_exp1_n_520_6.phy,0,371.31,265.17,15.25,24.95
phylogeny_ms_perf_exp1_n_520_7.phy,1,TO,TO,MO,117.76
phylogeny_ms_perf_exp1_n_520_8.phy,0,451.09000000000003,16.39,15.6,56.2
phylogeny_ms_perf_exp1_n_520_9.phy,0,107.6,51.99,112.84,22.51
phylogeny_ms_perf_exp1_n_560_0.phy,1,205.92,230.6,MO,31.94
phylogeny_ms_perf_exp1_n_560_10.phy,1,163.76,118.33,MO,31.4
phylogeny_ms_perf_exp1_n_560_11.phy,0,TO,TO,20.13,104.93
phylogeny_ms_perf_exp1_n_560_12.phy,0,165.14,134.95,30.75,37.91
phylogeny_ms_perf_exp1_n_560_13.phy,1,TO,TO,MO,61.42
phylogeny_ms_perf_exp1_n_560_14.phy,0,TO,19.81,19.0,58.81
phylogeny_ms_perf_exp1_n_560_15.phy,0,3422.21,20.1,18.32,50.66
phylogeny_ms_perf_exp1_n_560_16.phy,0,TO,TO,24.09,104.43
phylogeny_ms_perf_exp1_n_560_17.phy,0,168.9,19.77,20.07,46.1
phylogeny_ms_perf_exp1_n_560_18.phy,1,TO,TO,MO,108.33
phylogeny_ms_perf_exp1_n_560_19.phy,1,150.45,123.39,MO,28.36
phylogeny_ms_perf_exp1_n_560_1.phy,0,2309.63,1757.38,76.57,60.09
phylogeny_ms_perf_exp1_n_560_2.phy,0,TO,20.31,18.02,191.48
phylogeny_ms_perf_exp1_n_560_3.phy,0,124.12,18.81,17.31,6.12
phylogeny_ms_perf_exp1_n_560_4.phy,1,242.12,346.59000000000003,MO,47.89
phylogeny_ms_perf_exp1_n_560_5.phy,0,147.51,46.89,98.1,38.45
phylogeny_ms_perf_exp1_n_560_6.phy,0,TO,20.13,19.28,104.76
phylogeny_ms_perf_exp1_n_560_7.phy,1,104.7,45.15,MO,16.54
phylogeny_ms_perf_exp1_n_560_8.phy,1,280.87,557.54,MO,39.92
phylogeny_ms_perf_exp1_n_560_9.phy,1,143.91,132.68,MO,18.72
phylogeny_ms_perf_exp1_n_600_0.phy,0,TO,TO,29.04,218.33
phylogeny_ms_perf_exp1_n_600_10.phy,0,TO,24.76,30.09,121.23
phylogeny_ms_perf_exp1_n_600_11.phy,0,1544.62,1770.42,29.62,36.26
phylogeny_ms_perf_exp1_n_600_12.phy,0,TO,TO,22.34,96.29
phylogeny_ms_perf_exp1_n_600_13.phy,0,1026.4,1149.62,27.82,69.02
phylogeny_ms_perf_exp1_n_600_14.phy,0,3365.89,TO,23.25,90.34
phylogeny_ms_perf_exp1_n_600_15.phy,0,2243.83,24.21,23.31,62.03
phylogeny_ms_perf_exp1_n_600_16.phy,1,198.61,141.39,MO,48.55
phylogeny_ms_perf_exp1_n_600_17.phy,0,TO,24.85,23.67,72.24
phylogeny_ms_perf_exp1_n_600_18.phy,0,427.38,23.79,25.62,30.72
phylogeny_ms_perf_exp1_n_600_19.phy,0,TO,24.34,23.45,20.96
phylogeny_ms_perf_exp1_n_600_1.phy,1,150.51,70.56,MO,29.77
phylogeny_ms_perf_exp1_n_600_2.phy,1,TO,TO,MO,82.71
phylogeny_ms_perf_exp1_n_600_3.phy,0,732.4,774.37,315.65,73.52
phylogeny_ms_perf_exp1_n_600_4.phy,0,TO,24.25,22.16,53.86
phylogeny_ms_perf_exp1_n_600_5.phy,0,TO,TO,22.31,41.49
phylogeny_ms_perf_exp1_n_600_6.phy,0,TO,24.35,23.87,83.89
phylogeny_ms_perf_exp1_n_600_7.phy,0,TO,24.31,26.87,68.97
phylogeny_ms_perf_exp1_n_600_8.phy,0,217.58,24.18,23.85,29.7
phylogeny_ms_perf_exp1_n_600_9.phy,1,183.22,140.15,MO,23.25
phylogeny_ms_perf_exp1_n_640_0.phy,0,TO,29.55,32.79,111.14
phylogeny_ms_perf_exp1_n_640_10.phy,0,TO,TO,29.59,95.53
phylogeny_ms_perf_exp1_n_640_11.phy,1,TO,TO,TO,95.71
phylogeny_ms_perf_exp1_n_640_12.phy,1,186.86,87.17,MO,23.55
phylogeny_ms_perf_exp1_n_640_13.phy,0,TO,29.36,28.03,99.92
phylogeny_ms_perf_exp1_n_640_14.phy,0,TO,29.95,27.11,194.22
phylogeny_ms_perf_exp1_n_640_15.phy,1,908.55,932.16,MO,46.86
phylogeny_ms_perf_exp1_n_640_16.phy,1,185.62,99.72,MO,17.43
phylogeny_ms_perf_exp1_n_640_17.phy,1,TO,3173.88,TO,78.03
phylogeny_ms_perf_exp1_n_640_18.phy,0,TO,29.48,33.05,185.18
phylogeny_ms_perf_exp1_n_640_19.phy,0,1743.52,1132.62,27.43,35.05
phylogeny_ms_perf_exp1_n_640_1.phy,1,213.57,188.03,MO,36.4
phylogeny_ms_perf_exp1_n_640_2.phy,1,248.14,188.25,MO,33.08
phylogeny_ms_perf_exp1_n_640_3.phy,0,TO,TO,27.1,86.69
phylogeny_ms_perf_exp1_n_640_4.phy,1,241.29,211.54,MO,36.71
phylogeny_ms_perf_exp1_n_640_5.phy,0,TO,30.64,28.39,106.27
phylogeny_ms_perf_exp1_n_640_6.phy,1,714.18,802.82,TO,104.24000000000001
phylogeny_ms_perf_exp1_n_640_7.phy,0,429.08,29.71,38.0,38.62
phylogeny_ms_perf_exp1_n_640_8.phy,0,384.06,28.72,26.19,39.31
phylogeny_ms_perf_exp1_n_640_9.phy,0,2571.17,TO,29.6,62.18
phylogeny_ms_perf_exp1_n_680_0.phy,0,TO,TO,32.91,55.9
phylogeny_ms_perf_exp1_n_680_10.phy,0,TO,TO,33.32,73.28
phylogeny_ms_perf_exp1_n_680_11.phy,0,TO,36.65,35.51,196.87
phylogeny_ms_perf_exp1_n_680_12.phy,0,TO,TO,34.97,51.07
phylogeny_ms_perf_exp1_n_680_13.phy,0,227.67,35.33,36.72,28.77
phylogeny_ms_perf_exp1_n_680_14.phy,0,233.8,35.22,35.08,27.43
phylogeny_ms_perf_exp1_n_680_15.phy,1,337.28,327.86,MO,34.38
phylogeny_ms_perf_exp1_n_680_16.phy,0,TO,TO,43.07,142.84
phylogeny_ms_perf_exp1_n_680_17.phy,0,531.01,577.71,33.21,35.8
phylogeny_ms_perf_exp1_n_680_18.phy,1,TO,TO,TO,103.14
phylogeny_ms_perf_exp1_n_680_19.phy,1,TO,TO,TO,168.9
phylogeny_ms_perf_exp1_n_680_1.phy,0,TO,41.86,35.7,175.13
phylogeny_ms_perf_exp1_n_680_2.phy,0,2162.61,41.22,45.79,107.06
phylogeny_ms_perf_exp1_n_680_3.phy,1,550.3,829.97,TO,90.17
phylogeny_ms_perf_exp1_n_680_4.phy,0,TO,TO,36.49,104.7
phylogeny_ms_perf_exp1_n_680_5.phy,0,TO,38.59,33.73,117.94
phylogeny_ms_perf_exp1_n_680_6.phy,0,TO,TO,102.52,91.35
phylogeny_ms_perf_exp1_n_680_7.phy,0,253.31,36.18,33.56,35.64
phylogeny_ms_perf_exp1_n_680_8.phy,0,TO,37.36,36.54,73.87
phylogeny_ms_perf_exp1_n_680_9.phy,1,TO,TO,TO,148.42
phylogeny_ms_perf_exp1_n_720_0.phy,1,TO,TO,TO,142.36
phylogeny_ms_perf_exp1_n_720_10.phy,0,TO,47.78,39.51,165.0
phylogeny_ms_perf_exp1_n_720_11.phy,1,TO,TO,TO,116.75
phylogeny_ms_perf_exp1_n_720_12.phy,0,TO,TO,175.72,155.24
phylogeny_ms_perf_exp1_n_720_13.phy,0,TO,43.72,41.45,282.25
phylogeny_ms_perf_exp1_n_720_14.phy,0,TO,43.08,53.49,134.2
phylogeny_ms_perf_exp1_n_720_15.phy,0,TO,45.27,38.99,87.3
phylogeny_ms_perf_exp1_n_720_16.phy,1,674.22,464.78,MO,38.18
phylogeny_ms_perf_exp1_n_720_17.phy,0,TO,43.96,45.07,60.58
phylogeny_ms_perf_exp1_n_720_18.phy,1,369.63,408.06,MO,36.56
phylogeny_ms_perf_exp1_n_720_19.phy,1,310.21,214.5,MO,33.96
phylogeny_ms_perf_exp1_n_720_1.phy,0,TO,44.86,40.46,85.16
phylogeny_ms_perf_exp1_n_720_2.phy,0,TO,43.2,40.43,57.85
phylogeny_ms_perf_exp1_n_720_3.phy,0,TO,43.55,41.03,57.96
phylogeny_ms_perf_exp1_n_720_4.phy,1,TO,TO,TO,120.95
phylogeny_ms_perf_exp1_n_720_5.phy,0,TO,43.25,41.36,107.3
phylogeny_ms_perf_exp1_n_720_6.phy,0,TO,44.65,41.57,163.0
phylogeny_ms_perf_exp1_n_720_7.phy,0,TO,45.11,42.010000000000005,174.69
phylogeny_ms_perf_exp1_n_720_8.phy,0,TO,TO,47.5,103.09
phylogeny_ms_perf_exp1_n_720_9.phy,1,277.53,158.32,MO,42.83
phylogeny_ms_perf_exp1_n_760_0.phy,0,TO,51.64,45.22,49.32
phylogeny_ms_perf_exp1_n_760_10.phy,1,384.03,216.03,TO,74.73
phylogeny_ms_perf_exp1_n_760_11.phy,0,TO,50.57,48.24,213.23
phylogeny_ms_perf_exp1_n_760_12.phy,1,680.6,1061.92,TO,90.83
phylogeny_ms_perf_exp1_n_760_13.phy,0,987.96,51.08,53.46,79.79
phylogeny_ms_perf_exp1_n_760_14.phy,0,TO,53.51,49.65,135.13
phylogeny_ms_perf_exp1_n_760_15.phy,1,TO,TO,TO,95.86
phylogeny_ms_perf_exp1_n_760_16.phy,0,TO,53.26,47.47,212.85000000000002
phylogeny_ms_perf_exp1_n_760_17.phy,1,878.95,1400.32,TO,98.17
phylogeny_ms_perf_exp1_n_760_18.phy,0,TO,51.29,47.43,64.56
phylogeny_ms_perf_exp1_n_760_19.phy,0,TO,53.98,46.66,93.2
phylogeny_ms_perf_exp1_n_760_1.phy,1,TO,TO,TO,216.76
phylogeny_ms_perf_exp1_n_760_2.phy,1,2991.62,3065.66,TO,77.32
phylogeny_ms_perf_exp1_n_760_3.phy,0,TO,TO,47.26,109.7
phylogeny_ms_perf_exp1_n_760_4.phy,0,TO,53.36,45.59,131.86
phylogeny_ms_perf_exp1_n_760_5.phy,0,TO,TO,50.43,79.05
phylogeny_ms_perf_exp1_n_760_6.phy,0,TO,TO,47.15,174.77
phylogeny_ms_perf_exp1_n_760_7.phy,0,TO,50.53,47.17,223.6
phylogeny_ms_perf_exp1_n_760_8.phy,0,TO,TO,47.24,36.55
phylogeny_ms_perf_exp1_n_760_9.phy,0,TO,TO,55.71,247.60000000000002
phylogeny_ms_perf_exp1_n_800_0.phy,1,TO,TO,TO,390.85
phylogeny_ms_perf_exp1_n_800_10.phy,0,TO,TO,328.21,227.74
phylogeny_ms_perf_exp1_n_800_11.phy,0,TO,TO,55.58,182.76
phylogeny_ms_perf_exp1_n_800_12.phy,1,956.15,2520.15,TO,108.82
phylogeny_ms_perf_exp1_n_800_13.phy,1,737.07,846.66,TO,31.22
phylogeny_ms_perf_exp1_n_800_14.phy,1,TO,TO,TO,133.81
phylogeny_ms_perf_exp1_n_800_15.phy,0,TO,58.87,128.23,268.21
phylogeny_ms_perf_exp1_n_800_16.phy,1,1847.81,1745.34,TO,77.0
phylogeny_ms_perf_exp1_n_800_17.phy,1,TO,TO,TO,187.67
phylogeny_ms_perf_exp1_n_800_18.phy,1,TO,TO,TO,192.17
phylogeny_ms_perf_exp1_n_800_19.phy,0,TO,TO,53.93,202.14000000000001
phylogeny_ms_perf_exp1_n_800_1.phy,0,TO,59.71,56.94,329.04
phylogeny_ms_perf_exp1_n_800_2.phy,0,513.64,303.6,147.72,100.59
phylogeny_ms_perf_exp1_n_800_3.phy,0,705.1899999999999,552.44,54.96,39.0
phylogeny_ms_perf_exp1_n_800_4.phy,0,TO,58.55,56.02,122.04
phylogeny_ms_perf_exp1_n_800_5.phy,1,TO,TO,TO,86.15
phylogeny_ms_perf_exp1_n_800_6.phy,1,1359.91,1606.16,TO,76.76
phylogeny_ms_perf_exp1_n_800_7.phy,1,TO,TO,TO,173.25
phylogeny_ms_perf_exp1_n_800_8.phy,0,TO,58.25,52.96,143.19
phylogeny_ms_perf_exp1_n_800_9.phy,0,TO,TO,62.66,133.44
phylogeny_ms_perf_exp1_n_80_0.phy,1,0.25,0.18,TO,0.17
phylogeny_ms_perf_exp1_n_80_10.phy,0,1.57,0.75,0.11,0.14
phylogeny_ms_perf_exp1_n_80_11.phy,0,0.37,0.31,0.13,0.48
phylogeny_ms_perf_exp1_n_80_12.phy,0,1.42,0.71,0.11,0.28
phylogeny_ms_perf_exp1_n_80_13.phy,1,0.24,0.21,TO,0.13
phylogeny_ms_perf_exp1_n_80_14.phy,1,0.51,0.45,TO,0.4
phylogeny_ms_perf_exp1_n_80_15.phy,1,0.13,0.12,25.58,0.01
phylogeny_ms_perf_exp1_n_80_16.phy,1,0.31,0.26,TO,0.45
phylogeny_ms_perf_exp1_n_80_17.phy,1,0.22,0.17,TO,0.29
phylogeny_ms_perf_exp1_n_80_18.phy,1,0.2,0.19,TO,0.28
phylogeny_ms_perf_exp1_n_80_19.phy,1,0.32,0.25,TO,0.65
phylogeny_ms_perf_exp1_n_80_1.phy,1,0.33,0.24,TO,0.63
phylogeny_ms_perf_exp1_n_80_2.phy,1,0.24,0.16,TO,0.17
phylogeny_ms_perf_exp1_n_80_3.phy,1,0.24,0.19,TO,0.09
phylogeny_ms_perf_exp1_n_80_4.phy,1,0.23,0.19,TO,0.32
phylogeny_ms_perf_exp1_n_80_5.phy,1,0.36,0.33,TO,0.42
phylogeny_ms_perf_exp1_n_80_6.phy,0,1.39,0.79,0.14,0.55
phylogeny_ms_perf_exp1_n_80_7.phy,1,0.29,0.23,208.94,0.35
phylogeny_ms_perf_exp1_n_80_8.phy,0,0.34,0.3,0.2,0.31
phylogeny_ms_perf_exp1_n_80_9.phy,1,0.26,0.22,TO,0.2
phylogeny_ms_perf_exp1_r_0.000000_0.phy,1,156.31,161.07,MO,18.96
phylogeny_ms_perf_exp1_r_0.000000_10.phy,1,54.83,56.49,MO,16.75
phylogeny_ms_perf_exp1_r_0.000000_11.phy,1,42.85,22.13,MO,10.39
phylogeny_ms_perf_exp1_r_0.000000_12.phy,1,1087.4,894.37,MO,55.12
phylogeny_ms_perf_exp1_r_0.000000_13.phy,1,43.89,27.38,MO,23.07
phylogeny_ms_perf_exp1_r_0.000000_14.phy,1,851.27,746.38,MO,22.45
phylogeny_ms_perf_exp1_r_0.000000_15.phy,1,63.42,66.44,MO,8.51
phylogeny_ms_perf_exp1_r_0.000000_16.phy,1,49.16,34.44,MO,7.71
phylogeny_ms_perf_exp1_r_0.000000_17.phy,1,1032.16,853.71,MO,35.78
phylogeny_ms_perf_exp1_r_0.000000_18.phy,1,257.16,308.58,MO,23.35
phylogeny_ms_perf_exp1_r_0.000000_19.phy,1,1135.16,1018.32,MO,39.3
phylogeny_ms_perf_exp1_r_0.000000_1.phy,1,234.26,229.02,MO,37.02
phylogeny_ms_perf_exp1_r_0.000000_2.phy,1,33.38,15.67,MO,4.55
phylogeny_ms_perf_exp1_r_0.000000_3.phy,1,51.82,42.62,MO,11.88
phylogeny_ms_perf_exp1_r_0.000000_4.phy,1,52.2,39.09,MO,12.99
phylogeny_ms_perf_exp1_r_0.000000_5.phy,1,51.73,52.51,MO,7.75
phylogeny_ms_perf_exp1_r_0.000000_6.phy,1,2749.0200000000004,2177.88,MO,56.83
phylogeny_ms_perf_exp1_r_0.000000_7.phy,1,74.54,103.13,MO,24.58
phylogeny_ms_perf_exp1_r_0.000000_8.phy,1,128.05,98.02,MO,23.54
phylogeny_ms_perf_exp1_r_0.000000_9.phy,1,37.51,20.01,MO,5.39
phylogeny_ms_perf_exp1_r_0.050000_0.phy,0,TO,7.05,6.49,63.58
phylogeny_ms_perf_exp1_r_0.050000_10.phy,1,59.53,84.99,MO,16.57
phylogeny_ms_perf_exp1_r_0.050000_11.phy,1,61.36,39.38,MO,16.34
phylogeny_ms_perf_exp1_r_0.050000_12.phy,1,50.16,34.57,MO,23.11
phylogeny_ms_perf_exp1_r_0.050000_13.phy,1,2614.31,2251.82,MO,40.21
phylogeny_ms_perf_exp1_r_0.050000_14.phy,0,232.54,225.66,6.58,14.86
phylogeny_ms_perf_exp1_r_0.050000_15.phy,1,56.76,42.14,MO,12.9
phylogeny_ms_perf_exp1_r_0.050000_16.phy,0,180.12,283.61,6.58,24.81
phylogeny_ms_perf_exp1_r_0.050000_17.phy,1,68.69,60.7,MO,22.61
phylogeny_ms_perf_exp1_r_0.050000_18.phy,1,90.62,85.05,MO,9.74
phylogeny_ms_perf_exp1_r_0.050000_19.phy,1,35.39,13.31,RTE,11.93
phylogeny_ms_perf_exp1_r_0.050000_1.phy,1,171.57,187.5,MO,58.0
phylogeny_ms_perf_exp1_r_0.050000_2.phy,1,150.04,209.99,MO,27.6
phylogeny_ms_perf_exp1_r_0.050000_3.phy,1,42.28,32.18,MO,9.05
phylogeny_ms_perf_exp1_r_0.050000_4.phy,1,2693.4700000000003,2374.1,MO,54.77
phylogeny_ms_perf_exp1_r_0.050000_5.phy,1,69.68,49.57,MO,20.9
phylogeny_ms_perf_exp1_r_0.050000_6.phy,1,43.57,25.16,MO,14.46
phylogeny_ms_perf_exp1_r_0.050000_7.phy,1,37.62,17.45,MO,11.41
phylogeny_ms_perf_exp1_r_0.050000_8.phy,1,127.72,123.5,MO,47.27
phylogeny_ms_perf_exp1_r_0.050000_9.phy,1,254.77,195.31,MO,44.05
phylogeny_ms_perf_exp1_r_0.100000_0.phy,1,279.47,261.54,MO,11.96
phylogeny_ms_perf_exp1_r_0.100000_10.phy,1,48.51,38.58,MO,11.58
phylogeny_ms_perf_exp1_r_0.100000_11.phy,0,TO,TO,6.56,34.85
phylogeny_ms_perf_exp1_r_0.100000_12.phy,1,128.54,187.86,MO,21.41
phylogeny_ms_perf_exp1_r_0.100000_13.phy,1,224.5,149.96,MO,13.88
phylogeny_ms_perf_exp1_r_0.100000_14.phy,1,269.06,227.46,MO,9.33
phylogeny_ms_perf_exp1_r_0.100000_15.phy,1,42.57,38.86,MO,13.75
phylogeny_ms_perf_exp1_r_0.100000_16.phy,0,TO,TO,6.79,57.99
phylogeny_ms_perf_exp1_r_0.100000_17.phy,1,528.6,553.46,MO,87.3
phylogeny_ms_perf_exp1_r_0.100000_18.phy,1,TO,TO,MO,41.89
phylogeny_ms_perf_exp1_r_0.100000_19.phy,1,2069.16,1729.62,MO,57.25
phylogeny_ms_perf_exp1_r_0.100000_1.phy,1,70.79,54.64,MO,10.28
phylogeny_ms_perf_exp1_r_0.100000_2.phy,1,2179.69,1604.44,MO,40.1
phylogeny_ms_perf_exp1_r_0.100000_3.phy,1,175.74,214.21,MO,24.6
phylogeny_ms_perf_exp1_r_0.100000_4.phy,0,42.23,24.44,12.38,8.22
phylogeny_ms_perf_exp1_r_0.100000_5.phy,1,63.62,47.19,MO,11.22
phylogeny_ms_perf_exp1_r_0.100000_6.phy,1,82.86,80.3,MO,14.09
phylogeny_ms_perf_exp1_r_0.100000_7.phy,0,269.17,6.86,6.42,22.740000000000002
phylogeny_ms_perf_exp1_r_0.100000_8.phy,0,1205.82,917.72,9.55,24.200000000000003
phylogeny_ms_perf_exp1_r_0.100000_9.phy,1,38.59,21.72,MO,8.55
phylogeny_ms_perf_exp1_r_0.150000_0.phy,1,33.08,13.77,MO,5.72
phylogeny_ms_perf_exp1_r_0.150000_10.phy,1,46.53,33.26,MO,14.53
phylogeny_ms_perf_exp1_r_0.150000_11.phy,1,62.7,56.03,MO,7.3
phylogeny_ms_perf_exp1_r_0.150000_12.phy,0,TO,7.02,7.6,32.17
phylogeny_ms_perf_exp1_r_0.150000_13.phy,1,TO,TO,MO,47.71
phylogeny_ms_perf_exp1_r_0.150000_14.phy,1,2056.72,1795.58,MO,23.97
phylogeny_ms_perf_exp1_r_0.150000_15.phy,0,1039.74,7.01,8.32,39.93
phylogeny_ms_perf_exp1_r_0.150000_16.phy,1,TO,TO,MO,54.17
phylogeny_ms_perf_exp1_r_0.150000_17.phy,1,31.51,13.9,MO,2.95
phylogeny_ms_perf_exp1_r_0.150000_18.phy,0,3099.55,2501.67,6.49,42.11
phylogeny_ms_perf_exp1_r_0.150000_19.phy,1,37.34,18.69,MO,11.77
phylogeny_ms_perf_exp1_r_0.150000_1.phy,1,207.18,193.97,MO,32.06
phylogeny_ms_perf_exp1_r_0.150000_2.phy,1,1376.3600000000001,1034.35,MO,30.59
phylogeny_ms_perf_exp1_r_0.150000_3.phy,1,TO,TO,MO,48.18
phylogeny_ms_perf_exp1_r_0.150000_4.phy,1,44.27,31.01,MO,27.02
phylogeny_ms_perf_exp1_r_0.150000_5.phy,1,192.86,187.82,MO,37.83
phylogeny_ms_perf_exp1_r_0.150000_6.phy,1,56.17,46.74,MO,7.84
phylogeny_ms_perf_exp1_r_0.150000_7.phy,1,36.05,17.49,MO,9.26
phylogeny_ms_perf_exp1_r_0.150000_8.phy,1,33.93,15.54,MO,6.38
phylogeny_ms_perf_exp1_r_0.150000_9.phy,1,65.22,51.0,MO,11.38
phylogeny_ms_perf_exp1_r_0.200000_0.phy,0,1537.64,1117.37,6.45,28.64
phylogeny_ms_perf_exp1_r_0.200000_10.phy,0,TO,7.43,7.68,39.58
phylogeny_ms_perf_exp1_r_0.200000_11.phy,1,86.85,61.94,MO,11.09
phylogeny_ms_perf_exp1_r_0.200000_12.phy,1,3059.62,2399.08,MO,38.79
phylogeny_ms_perf_exp1_r_0.200000_13.phy,1,39.99,25.96,MO,4.56
phylogeny_ms_perf_exp1_r_0.200000_14.phy,1,109.96,186.11,MO,30.43
phylogeny_ms_perf_exp1_r_0.200000_15.phy,1,327.41,353.69,MO,33.32
phylogeny_ms_perf_exp1_r_0.200000_16.phy,0,TO,TO,7.34,33.33
phylogeny_ms_perf_exp1_r_0.200000_17.phy,0,1802.67,7.04,7.05,22.0
phylogeny_ms_perf_exp1_r_0.200000_18.phy,0,290.56,6.71,6.2,7.26
phylogeny_ms_perf_exp1_r_0.200000_19.phy,0,2819.51,2302.24,6.85,64.5
phylogeny_ms_perf_exp1_r_0.200000_1.phy,1,102.96,71.05,MO,12.29
phylogeny_ms_perf_exp1_r_0.200000_2.phy,1,73.14,68.68,MO,13.48
phylogeny_ms_perf_exp1_r_0.200000_3.phy,1,TO,TO,MO,65.73
phylogeny_ms_perf_exp1_r_0.200000_4.phy,0,46.25,6.71,6.42,19.11
phylogeny_ms_perf_exp1_r_0.200000_5.phy,0,1213.93,920.39,6.51,25.42
phylogeny_ms_perf_exp1_r_0.200000_6.phy,0,TO,TO,6.66,55.3
phylogeny_ms_perf_exp1_r_0.200000_7.phy,0,312.97,6.97,6.55,9.2
phylogeny_ms_perf_exp1_r_0.200000_8.phy,1,3492.42,2979.04,MO,52.0
phylogeny_ms_perf_exp1_r_0.200000_9.phy,1,356.51,276.94,MO,35.53
phylogeny_ms_perf_exp1_r_0.250000_0.phy,1,39.94,18.79,MO,7.58
phylogeny_ms_perf_exp1_r_0.250000_10.phy,0,TO,TO,7.17,38.1
phylogeny_ms_perf_exp1_r_0.250000_11.phy,1,34.18,17.52,MO,5.85
phylogeny_ms_perf_exp1_r_0.250000_12.phy,0,1904.49,2106.2400000000002,7.08,55.03
phylogeny_ms_perf_exp1_r_0.250000_13.phy,0,530.6700000000001,6.94,6.47,21.88
phylogeny_ms_perf_exp1_r_0.250000_14.phy,1,TO,TO,MO,36.83
phylogeny_ms_perf_exp1_r_0.250000_15.phy,0,1458.42,1174.69,8.67,51.61
phylogeny_ms_perf_exp1_r_0.250000_16.phy,1,305.5,280.82,MO,21.07
phylogeny_ms_perf_exp1_r_0.250000_17.phy,0,TO,7.22,6.72,33.17
phylogeny_ms_perf_exp1_r_0.250000_18.phy,0,47.41,6.97,7.23,14.27
phylogeny_ms_perf_exp1_r_0.250000_19.phy,1,370.82,497.15,MO,29.7
phylogeny_ms_perf_exp1_r_0.250000_1.phy,1,38.15,19.17,MO,14.87
phylogeny_ms_perf_exp1_r_0.250000_2.phy,1,71.06,88.52,MO,29.0
phylogeny_ms_perf_exp1_r_0.250000_3.phy,0,114.24,110.28,7.5,15.14
phylogeny_ms_perf_exp1_r_0.250000_4.phy,0,154.53,7.16,6.51,9.23
phylogeny_ms_perf_exp1_r_0.250000_5.phy,0,441.08,357.65,10.88,23.32
phylogeny_ms_perf_exp1_r_0.250000_6.phy,0,314.44,6.77,7.82,52.57
phylogeny_ms_perf_exp1_r_0.250000_7.phy,1,597.54,454.21,MO,24.82
phylogeny_ms_perf_exp1_r_0.250000_8.phy,1,49.45,41.71,MO,12.3
phylogeny_ms_perf_exp1_r_0.250000_9.phy,1,34.21,16.12,MO,4.46
phylogeny_ms_perf_exp1_r_0.300000_0.phy,0,486.47999999999996,691.14,6.56,40.34
phylogeny_ms_perf_exp1_r_0.300000_10.phy,1,67.3,62.62,MO,9.88
phylogeny_ms_perf_exp1_r_0.300000_11.phy,1,1360.7800000000002,1137.69,MO,27.97
phylogeny_ms_perf_exp1_r_0.300000_12.phy,0,39.72,6.89,6.68,7.05
phylogeny_ms_perf_exp1_r_0.300000_13.phy,0,40.86,6.93,6.91,7.44
phylogeny_ms_perf_exp1_r_0.300000_14.phy,0,TO,TO,6.53,45.34
phylogeny_ms_perf_exp1_r_0.300000_15.phy,0,245.67,6.89,6.67,7.27
phylogeny_ms_perf_exp1_r_0.300000_16.phy,1,111.67,167.43,MO,20.24
phylogeny_ms_perf_exp1_r_0.300000_17.phy,0,73.38,67.46,6.49,23.98
phylogeny_ms_perf_exp1_r_0.300000_18.phy,0,TO,2782.26,6.49,21.83
phylogeny_ms_perf_exp1_r_0.300000_19.phy,1,904.52,801.32,MO,67.39
phylogeny_ms_perf_exp1_r_0.300000_1.phy,0,987.65,817.15,7.04,29.09
phylogeny_ms_perf_exp1_r_0.300000_2.phy,0,113.31,6.78,6.3,15.94
phylogeny_ms_perf_exp1_r_0.300000_3.phy,0,TO,7.01,7.16,50.05
phylogeny_ms_perf_exp1_r_0.300000_4.phy,1,78.48,113.41,MO,23.12
phylogeny_ms_perf_exp1_r_0.300000_5.phy,1,167.55,189.08,MO,35.39
phylogeny_ms_perf_exp1_r_0.300000_6.phy,0,TO,TO,6.45,26.4
phylogeny_ms_perf_exp1_r_0.300000_7.phy,0,58.25,6.92,6.95,10.4
phylogeny_ms_perf_exp1_r_0.300000_8.phy,0,121.42,6.64,6.71,6.11
phylogeny_ms_perf_exp1_r_0.300000_9.phy,1,309.63,195.95,MO,29.29
phylogeny_ms_perf_exp1_r_0.350000_0.phy,1,355.96,407.2,MO,61.31
phylogeny_ms_perf_exp1_r_0.350000_10.phy,0,56.04,6.59,6.94,7.87
phylogeny_ms_perf_exp1_r_0.350000_11.phy,0,54.91,6.69,8.01,8.73
phylogeny_ms_perf_exp1_r_0.350000_12.phy,0,1802.06,7.01,6.51,13.17
phylogeny_ms_perf_exp1_r_0.350000_13.phy,0,TO,6.87,6.78,36.230000000000004
phylogeny_ms_perf_exp1_r_0.350000_14.phy,1,39.54,27.49,MO,6.38
phylogeny_ms_perf_exp1_r_0.350000_15.phy,0,381.9,7.5,6.36,14.25
phylogeny_ms_perf_exp1_r_0.350000_16.phy,1,52.73,34.93,MO,13.0
phylogeny_ms_perf_exp1_r_0.350000_17.phy,1,315.66,409.08,MO,40.69
phylogeny_ms_perf_exp1_r_0.350000_18.phy,1,40.06,25.04,MO,5.94
phylogeny_ms_perf_exp1_r_0.350000_19.phy,0,871.24,6.86,11.48,30.73
phylogeny_ms_perf_exp1_r_0.350000_1.phy,0,34.8,6.63,6.84,6.31
phylogeny_ms_perf_exp1_r_0.350000_2.phy,1,TO,TO,MO,65.22
phylogeny_ms_perf_exp1_r_0.350000_3.phy,0,353.89,6.9,6.77,12.55
phylogeny_ms_perf_exp1_r_0.350000_4.phy,0,TO,6.84,6.38,46.63
phylogeny_ms_perf_exp1_r_0.350000_5.phy,1,TO,TO,MO,61.53
phylogeny_ms_perf_exp1_r_0.350000_6.phy,0,3040.35,7.16,6.45,31.91
phylogeny_ms_perf_exp1_r_0.350000_7.phy,1,310.31,354.11,MO,23.2
phylogeny_ms_perf_exp1_r_0.350000_8.phy,0,216.21,7.05,7.31,15.63
phylogeny_ms_perf_exp1_r_0.350000_9.phy,0,2315.75,7.42,6.56,24.98
phylogeny_ms_perf_exp1_r_0.400000_0.phy,0,1070.51,6.93,6.29,8.93
phylogeny_ms_perf_exp1_r_0.400000_10.phy,1,994.53,913.12,MO,53.51
phylogeny_ms_perf_exp1_r_0.400000_11.phy,0,TO,6.9,6.47,66.19
phylogeny_ms_perf_exp1_r_0.400000_12.phy,1,117.49,93.69,MO,9.74
phylogeny_ms_perf_exp1_r_0.400000_13.phy,0,74.24,64.51,6.33,22.34
phylogeny_ms_perf_exp1_r_0.400000_14.phy,0,103.14,62.06,6.72,46.73
phylogeny_ms_perf_exp1_r_0.400000_15.phy,0,TO,6.78,6.65,9.96
phylogeny_ms_perf_exp1_r_0.400000_16.phy,0,37.91,6.91,6.65,3.83
phylogeny_ms_perf_exp1_r_0.400000_17.phy,1,79.38,82.73,MO,17.13
phylogeny_ms_perf_exp1_r_0.400000_18.phy,0,1717.41,6.76,7.0200000000000005,17.65
phylogeny_ms_perf_exp1_r_0.400000_19.phy,0,TO,6.87,6.4,37.61
phylogeny_ms_perf_exp1_r_0.400000_1.phy,1,1361.1299999999999,1494.87,MO,58.48
phylogeny_ms_perf_exp1_r_0.400000_2.phy,0,TO,TO,8.45,38.8
phylogeny_ms_perf_exp1_r_0.400000_3.phy,0,486.95,341.55,6.32,11.51
phylogeny_ms_perf_exp1_r_0.400000_4.phy,0,370.81,6.9,8.44,19.42
phylogeny_ms_perf_exp1_r_0.400000_5.phy,0,185.92,132.65,6.85,12.81
phylogeny_ms_perf_exp1_r_0.400000_6.phy,1,43.67,29.86,MO,19.69
phylogeny_ms_perf_exp1_r_0.400000_7.phy,0,50.22,38.15,8.78,14.64
phylogeny_ms_perf_exp1_r_0.400000_8.phy,1,378.71,397.39,MO,25.9
phylogeny_ms_perf_exp1_r_0.400000_9.phy,1,1861.96,1533.42,MO,33.26
phylogeny_ms_perf_exp1_r_0.450000_0.phy,1,53.59,41.49,MO,14.36
phylogeny_ms_perf_exp1_r_0.450000_10.phy,0,2766.59,2300.47,6.98,18.65
phylogeny_ms_perf_exp1_r_0.450000_11.phy,0,95.27,68.56,6.76,8.22
phylogeny_ms_perf_exp1_r_0.450000_12.phy,1,2595.66,2946.56,MO,21.82
phylogeny_ms_perf_exp1_r_0.450000_13.phy,0,173.43,188.57,6.34,19.790000000000003
phylogeny_ms_perf_exp1_r_0.450000_14.phy,0,TO,6.83,6.43,31.540000000000003
phylogeny_ms_perf_exp1_r_0.450000_15.phy,0,169.4,99.02,6.6000000000000005,8.77
phylogeny_ms_perf_exp1_r_0.450000_16.phy,0,TO,7.22,6.42,36.73
phylogeny_ms_perf_exp1_r_0.450000_17.phy,0,49.65,7.08,6.5,6.76
phylogeny_ms_perf_exp1_r_0.450000_18.phy,0,2878.5,7.08,6.81,29.9
phylogeny_ms_perf_exp1_r_0.450000_19.phy,0,TO,2632.33,17.97,39.54
phylogeny_ms_perf_exp1_r_0.450000_1.phy,0,2363.02,7.36,6.45,16.9
phylogeny_ms_perf_exp1_r_0.450000_2.phy,0,136.6,122.91,12.62,15.75
phylogeny_ms_perf_exp1_r_0.450000_3.phy,0,TO,2525.92,6.33,29.17
phylogeny_ms_perf_exp1_r_0.450000_4.phy,0,184.05,7.1,6.4,14.45
phylogeny_ms_perf_exp1_r_0.450000_5.phy,1,269.51,257.41,MO,25.2
phylogeny_ms_perf_exp1_r_0.450000_6.phy,0,1572.46,1219.81,6.7,56.8
phylogeny_ms_perf_exp1_r_0.450000_7.phy,0,TO,TO,7.73,31.11
phylogeny_ms_perf_exp1_r_0.450000_8.phy,0,89.85,6.83,6.33,17.17
phylogeny_ms_perf_exp1_r_0.450000_9.phy,0,TO,2865.41,6.59,53.37
phylogeny_ms_perf_exp1_r_0.500000_0.phy,1,159.1,114.27,MO,38.38
phylogeny_ms_perf_exp1_r_0.500000_10.phy,0,TO,6.85,6.43,87.13
phylogeny_ms_perf_exp1_r_0.500000_11.phy,0,57.14,7.19,13.52,16.66
phylogeny_ms_perf_exp1_r_0.500000_12.phy,0,608.25,616.99,6.83,28.28
phylogeny_ms_perf_exp1_r_0.500000_13.phy,0,TO,TO,7.06,56.6
phylogeny_ms_perf_exp1_r_0.500000_14.phy,0,998.8499999999999,7.24,7.96,17.57
phylogeny_ms_perf_exp1_r_0.500000_15.phy,0,TO,TO,6.75,53.86
phylogeny_ms_perf_exp1_r_0.500000_16.phy,0,82.62,6.72,6.4,7.58
phylogeny_ms_perf_exp1_r_0.500000_17.phy,0,177.54,226.97,6.39,26.63
phylogeny_ms_perf_exp1_r_0.500000_18.phy,0,TO,TO,7.19,33.220000000000006
phylogeny_ms_perf_exp1_r_0.500000_19.phy,0,909.84,6.69,6.67,17.55
phylogeny_ms_perf_exp1_r_0.500000_1.phy,1,63.29,50.75,MO,24.97
phylogeny_ms_perf_exp1_r_0.500000_2.phy,0,TO,6.98,6.8,28.54
phylogeny_ms_perf_exp1_r_0.500000_3.phy,0,2800.25,2108.48,6.89,20.69
phylogeny_ms_perf_exp1_r_0.500000_4.phy,1,63.83,98.84,MO,16.08
phylogeny_ms_perf_exp1_r_0.500000_5.phy,0,430.72,355.4,6.51,13.17
phylogeny_ms_perf_exp1_r_0.500000_6.phy,1,38.32,18.99,MO,7.23
phylogeny_ms_perf_exp1_r_0.500000_7.phy,0,TO,7.21,6.45,55.84
phylogeny_ms_perf_exp1_r_0.500000_8.phy,0,TO,7.23,6.75,46.660000000000004
phylogeny_ms_perf_exp1_r_0.500000_9.phy,0,69.85,43.78,13.44,13.34
totals,-,787,882,573,939
